#
# There is insufficient memory for the Java Runtime Environment to continue.
# Native memory allocation (malloc) failed to allocate 198576 bytes. Error detail: Chunk::new
# Possible reasons:
#   The system is out of physical RAM or swap space
#   This process is running with CompressedOops enabled, and the Java Heap may be blocking the growth of the native heap
# Possible solutions:
#   Reduce memory load on the system
#   Increase physical memory or swap space
#   Check if swap backing store is full
#   Decrease Java heap size (-Xmx/-Xms)
#   Decrease number of Java threads
#   Decrease Java thread stack sizes (-Xss)
#   Set larger code cache with -XX:ReservedCodeCacheSize=
#   JVM is running with Unscaled Compressed Oops mode in which the Java heap is
#     placed in the first 4GB address space. The Java Heap base address is the
#     maximum limit for the native heap growth. Please use -XX:HeapBaseMinAddress
#     to set the Java Heap base and to place the Java Heap above 4GB virtual address.
# This output file may be truncated or incomplete.
#
#  Out of Memory Error (arena.cpp:168), pid=5928, tid=20588
#
# JRE version: OpenJDK Runtime Environment Temurin-21.0.12.1+1 (21.0.12.1+1) (build 21.0.12.1+1-LTS)
# Java VM: OpenJDK 64-Bit Server VM Temurin-21.0.12.1+1 (21.0.12.1+1-LTS, mixed mode, sharing, tiered, compressed oops, compressed class ptrs, parallel gc, windows-amd64)
# No core dump will be written. Minidumps are not enabled by default on client versions of Windows
#

---------------  S U M M A R Y ------------

Command Line: --add-modules=ALL-SYSTEM --add-opens=java.base/java.util=ALL-UNNAMED --add-opens=java.base/java.lang=ALL-UNNAMED --add-opens=java.base/sun.nio.fs=ALL-UNNAMED -Declipse.application=org.eclipse.jdt.ls.core.id1 -Dosgi.bundles.defaultStartLevel=4 -Declipse.product=org.eclipse.jdt.ls.core.product -Djava.import.generatesMetadataFilesAtProjectRoot=false -Dm2e.project.cache.size=50 -DDetectVMInstallationsJob.disabled=true -Dfile.encoding=utf8 -XX:+UseParallelGC -XX:GCTimeRatio=4 -XX:AdaptiveSizePolicyWeight=90 -Dsun.zip.disableMemoryMapping=true -Xmx2G -Xms100m -Xlog:disable -javaagent:c:\Users\MSI Thin 15\.vscode\extensions\redhat.java-1.56.0-win32-x64\lombok\lombok-1.18.39-4050.jar -XX:+HeapDumpOnOutOfMemoryError -XX:HeapDumpPath=c:\Users\MSI Thin 15\AppData\Roaming\Code\User\workspaceStorage\0fab5ef8e1e012fcc2d8563af5403651\redhat.java -Daether.dependencyCollector.impl=bf c:\Users\MSI Thin 15\.vscode\extensions\redhat.java-1.56.0-win32-x64\server\plugins\org.eclipse.equinox.launcher_1.8.0.v20260804-1928.jar -configuration c:\Users\MSI Thin 15\AppData\Roaming\Code\User\globalStorage\redhat.java\1.56.0\config_win -data c:\Users\MSI Thin 15\AppData\Roaming\Code\User\workspaceStorage\0fab5ef8e1e012fcc2d8563af5403651\redhat.java\jdt_ws --stdio

Host: 12th Gen Intel(R) Core(TM) i7-12650H, 16 cores, 7G,  Windows 11 , 64 bit Build 26100 (10.0.26100.9444)
Time: Thu Sep 24 16:05:08 2026 Malay Peninsula Standard Time elapsed time: 47.958534 seconds (0d 0h 0m 47s)

---------------  T H R E A D  ---------------

Current thread (0x000001fe83a42470):  JavaThread "C2 CompilerThread0" daemon [_thread_in_native, id=20588, stack(0x000000a4b5200000,0x000000a4b5300000) (1024K)]


Current CompileTask:
C2:47958 11963       4       com.sun.org.apache.xerces.internal.parsers.XML11Configuration::getPropertyState (23 bytes)

Stack: [0x000000a4b5200000,0x000000a4b5300000]
Native frames: (J=compiled Java code, j=interpreted, Vv=VM code, C=native code)
V  [jvm.dll+0x6d83e9]
V  [jvm.dll+0x8b5736]
V  [jvm.dll+0x8b7cee]
V  [jvm.dll+0x8b83d3]
V  [jvm.dll+0x284596]
V  [jvm.dll+0xc685d]
V  [jvm.dll+0xc6da1]
V  [jvm.dll+0x2fb5ae]
V  [jvm.dll+0x5fee94]
V  [jvm.dll+0x255d67]
V  [jvm.dll+0x24e3bf]
V  [jvm.dll+0x24bbe6]
V  [jvm.dll+0x1cb4ae]
V  [jvm.dll+0x25baad]
V  [jvm.dll+0x25a03a]
V  [jvm.dll+0x3f8aae]
V  [jvm.dll+0x8600cd]
V  [jvm.dll+0x6d6c1d]
C  [ucrtbase.dll+0x2cd30]
C  [KERNEL32.DLL+0x2cd87]
C  [ntdll.dll+0xacaec]


---------------  P R O C E S S  ---------------

Threads class SMR info:
_java_thread_list=0x000001fe8ce9c150, length=313, elements={
0x000001fe2aacd5f0, 0x000001fe4157e910, 0x000001fe2ab74ae0, 0x000001fe2ab77480,
0x000001fe2ab77ee0, 0x000001fe2ab7b7b0, 0x000001fe2ab8b820, 0x000001fe83a42470,
0x000001fe83a45f50, 0x000001fe2ab8ab00, 0x000001fe2ab8a470, 0x000001fe2ab8b190,
0x000001fe2ab89de0, 0x000001fe2ab890c0, 0x000001fe2ab89750, 0x000001fe2ab8beb0,
0x000001fe8a4fe200, 0x000001fe8a4fc7c0, 0x000001fe8a4fdb70, 0x000001fe8a4fbaa0,
0x000001fe8a4fc130, 0x000001fe8a4fd4e0, 0x000001fe8a4fb410, 0x000001fe8a4ffc40,
0x000001fe8a4fef20, 0x000001fe8a4ff5b0, 0x000001fe8a4fce50, 0x000001fe8a5002d0,
0x000001fe8a501680, 0x000001fe8a500960, 0x000001fe8a500ff0, 0x000001fe8a502a30,
0x000001fe8d503630, 0x000001fe8d501bf0, 0x000001fe8d502fa0, 0x000001fe8d500ed0,
0x000001fe8d503cc0, 0x000001fe8d504350, 0x000001fe8d5049e0, 0x000001fe8d501560,
0x000001fe8d505700, 0x000001fe8d502280, 0x000001fe8d507140, 0x000001fe8d506420,
0x000001fe8d505070, 0x000001fe8d5084f0, 0x000001fe8d5077d0, 0x000001fe8d506ab0,
0x000001fe8d505d90, 0x000001fe8d507e60, 0x000001fe8a7eab90, 0x000001fe8a7eb220,
0x000001fe8a7e9150, 0x000001fe8a7eb8b0, 0x000001fe8a7ebf40, 0x000001fe8a7e97e0,
0x000001fe8a7e8430, 0x000001fe8a7e8ac0, 0x000001fe8a7ec5d0, 0x000001fe8a7ecc60,
0x000001fe8a7ed2f0, 0x000001fe8a7e9e70, 0x000001fe8a7ea500, 0x000001fe8a7ee010,
0x000001fe8a7ee6a0, 0x000001fe8a7eed30, 0x000001fe8a7ef3c0, 0x000001fe8a7ed980,
0x000001fe8a7efa50, 0x000001fe8ccbcd90, 0x000001fe8ccbc070, 0x000001fe8ccbe140,
0x000001fe8ccbdab0, 0x000001fe8ccbe7d0, 0x000001fe8ccbd420, 0x000001fe8ccbb350,
0x000001fe8ccbee60, 0x000001fe8ccbfb80, 0x000001fe8ccc08a0, 0x000001fe8ccc0210,
0x000001fe8ccc0f30, 0x000001fe8ccc1c50, 0x000001fe8ccc22e0, 0x000001fe8ccc2970,
0x000001fe8d75af80, 0x000001fe8d75ea90, 0x000001fe8d75dd70, 0x000001fe8d75c9c0,
0x000001fe8d75d050, 0x000001fe8d75e400, 0x000001fe8d75b610, 0x000001fe8d75f120,
0x000001fe8d7625a0, 0x000001fe8d761880, 0x000001fe8d75f7b0, 0x000001fe8d7611f0,
0x000001fe8d75fe40, 0x000001fe8d7604d0, 0x000001fe8d760b60, 0x000001fe8d761f10,
0x000001fe8d28c620, 0x000001fe8d289ec0, 0x000001fe8d28b270, 0x000001fe8d28abe0,
0x000001fe8d28ccb0, 0x000001fe8d28a550, 0x000001fe8d28e6f0, 0x000001fe8d28f410,
0x000001fe8d28ed80, 0x000001fe8d290130, 0x000001fe8d28d340, 0x000001fe8d28faa0,
0x000001fe8d2907c0, 0x000001fe8d290e50, 0x000001fe8d28b900, 0x000001fe8d28d9d0,
0x000001fe8d28e060, 0x000001fe8cecdbf0, 0x000001fe8cecd560, 0x000001fe8cece910,
0x000001fe8cece280, 0x000001fe8cecefa0, 0x000001fe8cecb490, 0x000001fe8cecf630,
0x000001fe8cecc1b0, 0x000001fe8cecc840, 0x000001fe8ced0350, 0x000001fe8ced2420,
0x000001fe8ced1070, 0x000001fe8ced2ab0, 0x000001fe8cecfcc0, 0x000001fe8ced09e0,
0x000001fe8d2914e0, 0x000001fe8548f2f0, 0x000001fe85490010, 0x000001fe85490d30,
0x000001fe854906a0, 0x000001fe8548ec60, 0x000001fe854913c0, 0x000001fe8548e5d0,
0x000001fe8548df40, 0x000001fe85491a50, 0x000001fe85492770, 0x000001fe85492e00,
0x000001fe854920e0, 0x000001fe8548f980, 0x000001fe85495560, 0x000001fe854941b0,
0x000001fe85493b20, 0x000001fe85494840, 0x000001fe85494ed0, 0x000001fe85493490,
0x000001fe8e92b250, 0x000001fe8e92c600, 0x000001fe8e92b8e0, 0x000001fe8e92bf70,
0x000001fe8e92a530, 0x000001fe8e929ea0, 0x000001fe8e92abc0, 0x000001fe8e930110,
0x000001fe8e92e6d0, 0x000001fe8e92ed60, 0x000001fe8e92f3f0, 0x000001fe8e92cc90,
0x000001fe8e9307a0, 0x000001fe8e9321e0, 0x000001fe8e930e30, 0x000001fe8e92d9b0,
0x000001fe8e932870, 0x000001fe8e9314c0, 0x000001fe8e934940, 0x000001fe8e92fa80,
0x000001fe8e935660, 0x000001fe8e938450, 0x000001fe8e938ae0, 0x000001fe8e935cf0,
0x000001fe8e9370a0, 0x000001fe8e936a10, 0x000001fe8e937730, 0x000001fe8d80c300,
0x000001fe8d80a230, 0x000001fe8d809510, 0x000001fe8d80b5e0, 0x000001fe8d80bc70,
0x000001fe8d809ba0, 0x000001fe8d80d6b0, 0x000001fe8d80dd40, 0x000001fe8d80a8c0,
0x000001fe8d80f780, 0x000001fe8d80f0f0, 0x000001fe8d80fe10, 0x000001fe8d80ea60,
0x000001fe8d80d020, 0x000001fe8d8111c0, 0x000001fe8d80e3d0, 0x000001fe8d811850,
0x000001fe8d811ee0, 0x000001fe8d812570, 0x000001fe8d8104a0, 0x000001fe8d810b30,
0x000001fe8d814640, 0x000001fe8d816da0, 0x000001fe8d815360, 0x000001fe8d813fb0,
0x000001fe8d813920, 0x000001fe8d817430, 0x000001fe8d816080, 0x000001fe8d814cd0,
0x000001fe8d8187e0, 0x000001fe8d818150, 0x000001fe8c887c50, 0x000001fe8c88aa40,
0x000001fe8c889000, 0x000001fe8c8882e0, 0x000001fe8c88bdf0, 0x000001fe8c88d1a0,
0x000001fe8c88cb10, 0x000001fe8c88dec0, 0x000001fe8c88d830, 0x000001fe8c88e550,
0x000001fe8c8919d0, 0x000001fe8c88ff90, 0x000001fe8c891340, 0x000001fe8c890cb0,
0x000001fe8c88f900, 0x000001fe8c88ebe0, 0x000001fe8c892060, 0x000001fe8c893410,
0x000001fe8c8926f0, 0x000001fe8c890620, 0x000001fe8c895b70, 0x000001fe8c893aa0,
0x000001fe8c894130, 0x000001fe8c896890, 0x000001fe8d846de0, 0x000001fe8d847470,
0x000001fe8d8460c0, 0x000001fe8d8453a0, 0x000001fe8d845a30, 0x000001fe8d848190,
0x000001fe8d844d10, 0x000001fe8d843ff0, 0x000001fe8d849bd0, 0x000001fe8d84b610,
0x000001fe8d848820, 0x000001fe8d84a8f0, 0x000001fe8d848eb0, 0x000001fe8d84e400,
0x000001fe8d84a260, 0x000001fe8d847b00, 0x000001fe8d84d6e0, 0x000001fe8d84c330,
0x000001fe8d84c9c0, 0x000001fe8d84ea90, 0x000001fe8d84bca0, 0x000001fe8d84d050,
0x000001fe8d846750, 0x000001fe8d844680, 0x000001fe8d84af80, 0x000001fe8d84f120,
0x000001fe8d850b60, 0x000001fe8d84f7b0, 0x000001fe8d84fe40, 0x000001fe8d8511f0,
0x000001fe8d84dd70, 0x000001fe8d852c30, 0x000001fe8d8525a0, 0x000001fe8d8532c0,
0x000001fe8c888970, 0x000001fe8c88c480, 0x000001fe8c889690, 0x000001fe8c88b760,
0x000001fe8c88f270, 0x000001fe8c889d20, 0x000001fe8c894e50, 0x000001fe8c896f20,
0x000001fe8e92d320, 0x000001fe8e933c20, 0x000001fe8e934fd0, 0x000001fe8e9342b0,
0x000001fe8e931b50, 0x000001fe8e932f00, 0x000001fe8e937dc0, 0x000001fe8d80c990,
0x000001fe8d812c00, 0x000001fe8d813290, 0x000001fe8d817ac0, 0x000001fe8c8947c0,
0x000001fe8c892d80, 0x000001fe8c8954e0, 0x000001fe8c896200, 0x000001fe8cecced0,
0x000001fe8cecbb20, 0x000001fe8ced1700, 0x000001fe8e936380, 0x000001fe8e933590,
0x000001fe8d75c330, 0x000001fe8d75d6e0, 0x000001fe8ccc15c0, 0x000001fe8d80af50,
0x000001fe8ccbc700, 0x000001fe8d849540, 0x000001fe8eceb7e0, 0x000001fe8eceec60,
0x000001fe8ecef2f0, 0x000001fe8ececb90, 0x000001fe8ecebe70, 0x000001fe8ecee5d0,
0x000001fe8eced8b0, 0x000001fe8ecef980, 0x000001fe8ecec500, 0x000001fe8ecf0010,
0x000001fe8eced220
}

Java Threads: ( => current thread )
  0x000001fe2aacd5f0 JavaThread "main"                              [_thread_blocked, id=4612, stack(0x000000a4b4800000,0x000000a4b4900000) (1024K)]
  0x000001fe4157e910 JavaThread "Reference Handler"          daemon [_thread_blocked, id=12368, stack(0x000000a4b4c00000,0x000000a4b4d00000) (1024K)]
  0x000001fe2ab74ae0 JavaThread "Finalizer"                  daemon [_thread_blocked, id=17448, stack(0x000000a4b4d00000,0x000000a4b4e00000) (1024K)]
  0x000001fe2ab77480 JavaThread "Signal Dispatcher"          daemon [_thread_blocked, id=9964, stack(0x000000a4b4e00000,0x000000a4b4f00000) (1024K)]
  0x000001fe2ab77ee0 JavaThread "Attach Listener"            daemon [_thread_blocked, id=10152, stack(0x000000a4b4f00000,0x000000a4b5000000) (1024K)]
  0x000001fe2ab7b7b0 JavaThread "Service Thread"             daemon [_thread_blocked, id=20456, stack(0x000000a4b5000000,0x000000a4b5100000) (1024K)]
  0x000001fe2ab8b820 JavaThread "Monitor Deflation Thread"   daemon [_thread_blocked, id=22872, stack(0x000000a4b5100000,0x000000a4b5200000) (1024K)]
=>0x000001fe83a42470 JavaThread "C2 CompilerThread0"         daemon [_thread_in_native, id=20588, stack(0x000000a4b5200000,0x000000a4b5300000) (1024K)]
  0x000001fe83a45f50 JavaThread "C1 CompilerThread0"         daemon [_thread_blocked, id=25576, stack(0x000000a4b5300000,0x000000a4b5400000) (1024K)]
  0x000001fe2ab8ab00 JavaThread "Common-Cleaner"             daemon [_thread_blocked, id=23804, stack(0x000000a4b5500000,0x000000a4b5600000) (1024K)]
  0x000001fe2ab8a470 JavaThread "Notification Thread"        daemon [_thread_blocked, id=11052, stack(0x000000a4b5600000,0x000000a4b5700000) (1024K)]
  0x000001fe2ab8b190 JavaThread "Active Thread: Equinox Container: c9463cec-72b2-403d-a1da-6b6180f84bfc"        [_thread_blocked, id=19572, stack(0x000000a4b5d00000,0x000000a4b5e00000) (1024K)]
  0x000001fe2ab89de0 JavaThread "Refresh Thread: Equinox Container: c9463cec-72b2-403d-a1da-6b6180f84bfc" daemon [_thread_blocked, id=13052, stack(0x000000a4b5f00000,0x000000a4b6000000) (1024K)]
  0x000001fe2ab890c0 JavaThread "Framework Event Dispatcher: Equinox Container: c9463cec-72b2-403d-a1da-6b6180f84bfc" daemon [_thread_blocked, id=11872, stack(0x000000a4b6000000,0x000000a4b6100000) (1024K)]
  0x000001fe2ab89750 JavaThread "Start Level: Equinox Container: c9463cec-72b2-403d-a1da-6b6180f84bfc" daemon [_thread_blocked, id=276, stack(0x000000a4b6100000,0x000000a4b6200000) (1024K)]
  0x000001fe2ab8beb0 JavaThread "Bundle File Closer"         daemon [_thread_blocked, id=3320, stack(0x000000a4b6500000,0x000000a4b6600000) (1024K)]
  0x000001fe8a4fe200 JavaThread "SCR Component Actor"        daemon [_thread_blocked, id=17544, stack(0x000000a4b5400000,0x000000a4b5500000) (1024K)]
  0x000001fe8a4fc7c0 JavaThread "Worker-JM"                         [_thread_blocked, id=7492, stack(0x000000a4b6700000,0x000000a4b6800000) (1024K)]
  0x000001fe8a4fdb70 JavaThread "JNA Cleaner"                daemon [_thread_blocked, id=19736, stack(0x000000a4b6a00000,0x000000a4b6b00000) (1024K)]
  0x000001fe8a4fbaa0 JavaThread "Worker-0: Initialize workspace"        [_thread_blocked, id=23900, stack(0x000000a4b6b00000,0x000000a4b6c00000) (1024K)]
  0x000001fe8a4fc130 JavaThread "Worker-1: Initialize workspace"        [_thread_blocked, id=18296, stack(0x000000a4b6c00000,0x000000a4b6d00000) (1024K)]
  0x000001fe8a4fd4e0 JavaThread "Java indexing"              daemon [_thread_blocked, id=24068, stack(0x000000a4b6d00000,0x000000a4b6e00000) (1024K)]
  0x000001fe8a4fb410 JavaThread "Worker-2: Initialize workspace"        [_thread_blocked, id=25500, stack(0x000000a4b7000000,0x000000a4b7100000) (1024K)]
  0x000001fe8a4ffc40 JavaThread "Worker-3: Initialize workspace"        [_thread_blocked, id=10580, stack(0x000000a4b7100000,0x000000a4b7200000) (1024K)]
  0x000001fe8a4fef20 JavaThread "Worker-4: Initialize workspace"        [_thread_blocked, id=22212, stack(0x000000a4b7200000,0x000000a4b7300000) (1024K)]
  0x000001fe8a4ff5b0 JavaThread "Worker-5: Initialize workspace"        [_thread_blocked, id=840, stack(0x000000a4b7300000,0x000000a4b7400000) (1024K)]
  0x000001fe8a4fce50 JavaThread "pool-2-thread-1"                   [_thread_blocked, id=25412, stack(0x000000a4b7400000,0x000000a4b7500000) (1024K)]
  0x000001fe8a5002d0 JavaThread "WorkspaceEventsHandler"            [_thread_blocked, id=26004, stack(0x000000a4b7500000,0x000000a4b7600000) (1024K)]
  0x000001fe8a501680 JavaThread "pool-1-thread-1"                   [_thread_in_native, id=15696, stack(0x000000a4b7600000,0x000000a4b7700000) (1024K)]
  0x000001fe8a500960 JavaThread "PatternSearchJob-worker-1"  daemon [_thread_in_native, id=11960, stack(0x000000a4b7900000,0x000000a4b7a00000) (1024K)]
  0x000001fe8a500ff0 JavaThread "PatternSearchJob-worker-2"  daemon [_thread_blocked, id=25364, stack(0x000000a4b7a00000,0x000000a4b7b00000) (1024K)]
  0x000001fe8a502a30 JavaThread "Timer-0"                           [_thread_blocked, id=22428, stack(0x000000a4b7c00000,0x000000a4b7d00000) (1024K)]
  0x000001fe8d503630 JavaThread "Timer-1"                           [_thread_blocked, id=12208, stack(0x000000a4b7b00000,0x000000a4b7c00000) (1024K)]
  0x000001fe8d501bf0 JavaThread "Timer-2"                           [_thread_blocked, id=9924, stack(0x000000a4b7d00000,0x000000a4b7e00000) (1024K)]
  0x000001fe8d502fa0 JavaThread "Timer-3"                           [_thread_blocked, id=24040, stack(0x000000a4b7f00000,0x000000a4b8000000) (1024K)]
  0x000001fe8d500ed0 JavaThread "Connection worker"                 [_thread_blocked, id=9488, stack(0x000000a4b8000000,0x000000a4b8100000) (1024K)]
  0x000001fe8d503cc0 JavaThread "Worker-6: Initialize workspace"        [_thread_blocked, id=8572, stack(0x000000a4b7e00000,0x000000a4b7f00000) (1024K)]
  0x000001fe8d504350 JavaThread "PatternSearchJob-worker-3"  daemon [_thread_blocked, id=900, stack(0x000000a4b8100000,0x000000a4b8200000) (1024K)]
  0x000001fe8d5049e0 JavaThread "Connection worker"                 [_thread_blocked, id=7632, stack(0x000000a4b8200000,0x000000a4b8300000) (1024K)]
  0x000001fe8d501560 JavaThread "Connection worker"                 [_thread_blocked, id=2988, stack(0x000000a4b8300000,0x000000a4b8400000) (1024K)]
  0x000001fe8d505700 JavaThread "Timer-4"                           [_thread_blocked, id=2208, stack(0x000000a4b8500000,0x000000a4b8600000) (1024K)]
  0x000001fe8d502280 JavaThread "pool-4-thread-1"                   [_thread_blocked, id=15240, stack(0x000000a4b8600000,0x000000a4b8700000) (1024K)]
  0x000001fe8d507140 JavaThread "pool-5-thread-1"                   [_thread_blocked, id=23404, stack(0x000000a4b8700000,0x000000a4b8800000) (1024K)]
  0x000001fe8d506420 JavaThread "pool-3-thread-1"                   [_thread_blocked, id=8856, stack(0x000000a4b8800000,0x000000a4b8900000) (1024K)]
  0x000001fe8d505070 JavaThread "Connection worker"                 [_thread_blocked, id=21368, stack(0x000000a4b8400000,0x000000a4b8500000) (1024K)]
  0x000001fe8d5084f0 JavaThread "Worker-7: Initialize workspace"        [_thread_blocked, id=12912, stack(0x000000a4b8900000,0x000000a4b8a00000) (1024K)]
  0x000001fe8d5077d0 JavaThread "pool-6-thread-1"                   [_thread_blocked, id=25272, stack(0x000000a4b8a00000,0x000000a4b8b00000) (1024K)]
  0x000001fe8d506ab0 JavaThread "Timer-5"                           [_thread_blocked, id=26196, stack(0x000000a4b8c00000,0x000000a4b8d00000) (1024K)]
  0x000001fe8d505d90 JavaThread "Worker-8: Initialize workspace"        [_thread_blocked, id=24192, stack(0x000000a4b8b00000,0x000000a4b8c00000) (1024K)]
  0x000001fe8d507e60 JavaThread "Connection worker"                 [_thread_blocked, id=20972, stack(0x000000a4b8d00000,0x000000a4b8e00000) (1024K)]
  0x000001fe8a7eab90 JavaThread "pool-7-thread-1"                   [_thread_blocked, id=3948, stack(0x000000a4b8f00000,0x000000a4b9000000) (1024K)]
  0x000001fe8a7eb220 JavaThread "Timer-6"                           [_thread_blocked, id=1984, stack(0x000000a4b9000000,0x000000a4b9100000) (1024K)]
  0x000001fe8a7e9150 JavaThread "Connection worker"                 [_thread_blocked, id=12632, stack(0x000000a4b8e00000,0x000000a4b8f00000) (1024K)]
  0x000001fe8a7eb8b0 JavaThread "Worker-9: Initialize workspace"        [_thread_blocked, id=8224, stack(0x000000a4b9100000,0x000000a4b9200000) (1024K)]
  0x000001fe8a7ebf40 JavaThread "pool-8-thread-1"                   [_thread_blocked, id=20944, stack(0x000000a4b9300000,0x000000a4b9400000) (1024K)]
  0x000001fe8a7e97e0 JavaThread "Timer-7"                           [_thread_blocked, id=17780, stack(0x000000a4b9400000,0x000000a4b9500000) (1024K)]
  0x000001fe8a7e8430 JavaThread "Worker-10: Initialize workspace"        [_thread_blocked, id=6360, stack(0x000000a4b9200000,0x000000a4b9300000) (1024K)]
  0x000001fe8a7e8ac0 JavaThread "Connection worker"                 [_thread_blocked, id=5176, stack(0x000000a4b9600000,0x000000a4b9700000) (1024K)]
  0x000001fe8a7ec5d0 JavaThread "pool-9-thread-1"                   [_thread_blocked, id=17280, stack(0x000000a4b9700000,0x000000a4b9800000) (1024K)]
  0x000001fe8a7ecc60 JavaThread "Timer-8"                           [_thread_blocked, id=18792, stack(0x000000a4b9800000,0x000000a4b9900000) (1024K)]
  0x000001fe8a7ed2f0 JavaThread "Connection worker"                 [_thread_blocked, id=12800, stack(0x000000a4b9500000,0x000000a4b9600000) (1024K)]
  0x000001fe8a7e9e70 JavaThread "Worker-11: Initialize workspace"        [_thread_blocked, id=9064, stack(0x000000a4b9900000,0x000000a4b9a00000) (1024K)]
  0x000001fe8a7ea500 JavaThread "pool-10-thread-1"                  [_thread_blocked, id=18416, stack(0x000000a4b9b00000,0x000000a4b9c00000) (1024K)]
  0x000001fe8a7ee010 JavaThread "Timer-9"                           [_thread_blocked, id=432, stack(0x000000a4b9c00000,0x000000a4b9d00000) (1024K)]
  0x000001fe8a7ee6a0 JavaThread "Worker-12: Initialize workspace"        [_thread_in_vm, id=11560, stack(0x000000a4b9a00000,0x000000a4b9b00000) (1024K)]
  0x000001fe8a7eed30 JavaThread "Timer-10"                          [_thread_blocked, id=26100, stack(0x000000a4b9e00000,0x000000a4b9f00000) (1024K)]
  0x000001fe8a7ef3c0 JavaThread "Connection worker"                 [_thread_blocked, id=12984, stack(0x000000a4b9d00000,0x000000a4b9e00000) (1024K)]
  0x000001fe8a7ed980 JavaThread "pool-11-thread-1"                  [_thread_blocked, id=26204, stack(0x000000a4b9f00000,0x000000a4ba000000) (1024K)]
  0x000001fe8a7efa50 JavaThread "Worker-13: Initialize workspace"        [_thread_blocked, id=2236, stack(0x000000a4ba000000,0x000000a4ba100000) (1024K)]
  0x000001fe8ccbcd90 JavaThread "Connection worker"                 [_thread_blocked, id=25468, stack(0x000000a4ba200000,0x000000a4ba300000) (1024K)]
  0x000001fe8ccbc070 JavaThread "pool-12-thread-1"                  [_thread_blocked, id=19104, stack(0x000000a4ba300000,0x000000a4ba400000) (1024K)]
  0x000001fe8ccbe140 JavaThread "Timer-11"                          [_thread_blocked, id=25664, stack(0x000000a4ba400000,0x000000a4ba500000) (1024K)]
  0x000001fe8ccbdab0 JavaThread "Worker-14: Initialize workspace"        [_thread_blocked, id=6824, stack(0x000000a4ba100000,0x000000a4ba200000) (1024K)]
  0x000001fe8ccbe7d0 JavaThread "Connection worker"                 [_thread_blocked, id=17668, stack(0x000000a4ba500000,0x000000a4ba600000) (1024K)]
  0x000001fe8ccbd420 JavaThread "pool-13-thread-1"                  [_thread_blocked, id=12264, stack(0x000000a4ba700000,0x000000a4ba800000) (1024K)]
  0x000001fe8ccbb350 JavaThread "Timer-12"                          [_thread_blocked, id=11028, stack(0x000000a4ba800000,0x000000a4ba900000) (1024K)]
  0x000001fe8ccbee60 JavaThread "Worker-15: Initialize workspace"        [_thread_blocked, id=15024, stack(0x000000a4ba600000,0x000000a4ba700000) (1024K)]
  0x000001fe8ccbfb80 JavaThread "Timer-13"                          [_thread_blocked, id=22728, stack(0x000000a4baa00000,0x000000a4bab00000) (1024K)]
  0x000001fe8ccc08a0 JavaThread "Connection worker"                 [_thread_blocked, id=12808, stack(0x000000a4bac00000,0x000000a4bad00000) (1024K)]
  0x000001fe8ccc0210 JavaThread "Worker-16: Initialize workspace"        [_thread_blocked, id=7704, stack(0x000000a4bad00000,0x000000a4bae00000) (1024K)]
  0x000001fe8ccc0f30 JavaThread "pool-15-thread-1"                  [_thread_blocked, id=20912, stack(0x000000a4baf00000,0x000000a4bb000000) (1024K)]
  0x000001fe8ccc1c50 JavaThread "Timer-14"                          [_thread_blocked, id=11324, stack(0x000000a4bb000000,0x000000a4bb100000) (1024K)]
  0x000001fe8ccc22e0 JavaThread "Worker-17: Initialize workspace"        [_thread_blocked, id=18556, stack(0x000000a4bae00000,0x000000a4baf00000) (1024K)]
  0x000001fe8ccc2970 JavaThread "Timer-15"                          [_thread_blocked, id=7072, stack(0x000000a4bb200000,0x000000a4bb300000) (1024K)]
  0x000001fe8d75af80 JavaThread "Worker-18: Initialize workspace"        [_thread_blocked, id=22804, stack(0x000000a4bb400000,0x000000a4bb500000) (1024K)]
  0x000001fe8d75ea90 JavaThread "Connection worker"                 [_thread_blocked, id=21796, stack(0x000000a4bb500000,0x000000a4bb600000) (1024K)]
  0x000001fe8d75dd70 JavaThread "pool-17-thread-1"                  [_thread_blocked, id=26128, stack(0x000000a4bb700000,0x000000a4bb800000) (1024K)]
  0x000001fe8d75c9c0 JavaThread "Timer-16"                          [_thread_blocked, id=7412, stack(0x000000a4bb800000,0x000000a4bb900000) (1024K)]
  0x000001fe8d75d050 JavaThread "Worker-19: Initialize workspace"        [_thread_blocked, id=20800, stack(0x000000a4bb600000,0x000000a4bb700000) (1024K)]
  0x000001fe8d75e400 JavaThread "Connection worker"                 [_thread_blocked, id=25556, stack(0x000000a4bb900000,0x000000a4bba00000) (1024K)]
  0x000001fe8d75b610 JavaThread "pool-18-thread-1"                  [_thread_blocked, id=13292, stack(0x000000a4bba00000,0x000000a4bbb00000) (1024K)]
  0x000001fe8d75f120 JavaThread "Timer-17"                          [_thread_blocked, id=9040, stack(0x000000a4bbc00000,0x000000a4bbd00000) (1024K)]
  0x000001fe8d7625a0 JavaThread "Timer-18"                          [_thread_blocked, id=25836, stack(0x000000a4bbf00000,0x000000a4bc000000) (1024K)]
  0x000001fe8d761880 JavaThread "Worker-20: Initialize workspace"        [_thread_blocked, id=12972, stack(0x000000a4bc000000,0x000000a4bc100000) (1024K)]
  0x000001fe8d75f7b0 JavaThread "Connection worker"                 [_thread_in_Java, id=26456, stack(0x000000a4bbd00000,0x000000a4bbe00000) (1024K)]
  0x000001fe8d7611f0 JavaThread "pool-20-thread-1"                  [_thread_in_vm, id=19576, stack(0x000000a4bc200000,0x000000a4bc300000) (1024K)]
  0x000001fe8d75fe40 JavaThread "Timer-19"                          [_thread_blocked, id=11188, stack(0x000000a4bc300000,0x000000a4bc400000) (1024K)]
  0x000001fe8d7604d0 JavaThread "Worker-21: Initialize workspace"        [_thread_blocked, id=7096, stack(0x000000a4bc400000,0x000000a4bc500000) (1024K)]
  0x000001fe8d760b60 JavaThread "Connection worker"                 [_thread_in_Java, id=6364, stack(0x000000a4bc100000,0x000000a4bc200000) (1024K)]
  0x000001fe8d761f10 JavaThread "Worker-22: Initialize workspace"        [_thread_blocked, id=6472, stack(0x000000a4bc500000,0x000000a4bc600000) (1024K)]
  0x000001fe8d289ec0 JavaThread "Timer-20"                          [_thread_blocked, id=10548, stack(0x000000a4bc800000,0x000000a4bc900000) (1024K)]
  0x000001fe8d28b270 JavaThread "Worker-23: Initialize workspace"        [_thread_in_vm, id=22892, stack(0x000000a4bc600000,0x000000a4bc700000) (1024K)]
  0x000001fe8d28abe0 JavaThread "Connection worker"                 [_thread_blocked, id=25212, stack(0x000000a4bca00000,0x000000a4bcb00000) (1024K)]
  0x000001fe8d28ccb0 JavaThread "pool-22-thread-1"                  [_thread_blocked, id=11212, stack(0x000000a4bcb00000,0x000000a4bcc00000) (1024K)]
  0x000001fe8d28a550 JavaThread "Timer-21"                          [_thread_blocked, id=6556, stack(0x000000a4bcc00000,0x000000a4bcd00000) (1024K)]
  0x000001fe8d28e6f0 JavaThread "Connection worker"                 [_thread_blocked, id=10376, stack(0x000000a4bc900000,0x000000a4bca00000) (1024K)]
  0x000001fe8d28f410 JavaThread "pool-23-thread-1"                  [_thread_blocked, id=23240, stack(0x000000a4bce00000,0x000000a4bcf00000) (1024K)]
  0x000001fe8d28ed80 JavaThread "Timer-22"                          [_thread_blocked, id=26620, stack(0x000000a4bcf00000,0x000000a4bd000000) (1024K)]
  0x000001fe8d290130 JavaThread "Worker-24: Initialize workspace"        [_thread_blocked, id=14136, stack(0x000000a4bd000000,0x000000a4bd100000) (1024K)]
  0x000001fe8d28d340 JavaThread "Worker-25: Initialize workspace"        [_thread_blocked, id=26056, stack(0x000000a4bcd00000,0x000000a4bce00000) (1024K)]
  0x000001fe8d28faa0 JavaThread "Connection worker"                 [_thread_blocked, id=7204, stack(0x000000a4bd200000,0x000000a4bd300000) (1024K)]
  0x000001fe8d2907c0 JavaThread "pool-24-thread-1"                  [_thread_blocked, id=6772, stack(0x000000a4bd300000,0x000000a4bd400000) (1024K)]
  0x000001fe8d290e50 JavaThread "Timer-23"                          [_thread_blocked, id=22520, stack(0x000000a4bd400000,0x000000a4bd500000) (1024K)]
  0x000001fe8d28b900 JavaThread "Worker-26: Initialize workspace"        [_thread_blocked, id=20576, stack(0x000000a4bd100000,0x000000a4bd200000) (1024K)]
  0x000001fe8d28d9d0 JavaThread "Connection worker"                 [_thread_blocked, id=22300, stack(0x000000a4bd500000,0x000000a4bd600000) (1024K)]
  0x000001fe8d28e060 JavaThread "pool-25-thread-1"                  [_thread_blocked, id=22164, stack(0x000000a4bd700000,0x000000a4bd800000) (1024K)]
  0x000001fe8cecdbf0 JavaThread "Timer-24"                          [_thread_blocked, id=4772, stack(0x000000a4bd800000,0x000000a4bd900000) (1024K)]
  0x000001fe8cecd560 JavaThread "Worker-27: Initialize workspace"        [_thread_blocked, id=14196, stack(0x000000a4bd600000,0x000000a4bd700000) (1024K)]
  0x000001fe8cece910 JavaThread "Timer-25"                          [_thread_blocked, id=21068, stack(0x000000a4bdc00000,0x000000a4bdd00000) (1024K)]
  0x000001fe8cece280 JavaThread "Worker-28: Initialize workspace"        [_thread_blocked, id=3012, stack(0x000000a4bd900000,0x000000a4bda00000) (1024K)]
  0x000001fe8cecefa0 JavaThread "Timer-26"                          [_thread_blocked, id=25028, stack(0x000000a4bde00000,0x000000a4bdf00000) (1024K)]
  0x000001fe8cecb490 JavaThread "Connection worker"                 [_thread_blocked, id=26328, stack(0x000000a4bdd00000,0x000000a4bde00000) (1024K)]
  0x000001fe8cecf630 JavaThread "pool-27-thread-1"                  [_thread_blocked, id=10480, stack(0x000000a4bdf00000,0x000000a4be000000) (1024K)]
  0x000001fe8cecc1b0 JavaThread "Connection worker"                 [_thread_blocked, id=25608, stack(0x000000a4be000000,0x000000a4be100000) (1024K)]
  0x000001fe8ced0350 JavaThread "Timer-27"                          [_thread_blocked, id=25216, stack(0x000000a4be300000,0x000000a4be400000) (1024K)]
  0x000001fe8ced2420 JavaThread "Worker-29: Initialize workspace"        [_thread_blocked, id=25808, stack(0x000000a4be400000,0x000000a4be500000) (1024K)]
  0x000001fe8ced1070 JavaThread "Worker-30: Initialize workspace"        [_thread_blocked, id=26040, stack(0x000000a4be500000,0x000000a4be600000) (1024K)]
  0x000001fe8ced2ab0 JavaThread "Timer-28"                          [_thread_blocked, id=3744, stack(0x000000a4be800000,0x000000a4be900000) (1024K)]
  0x000001fe8cecfcc0 JavaThread "Exec process"                      [_thread_in_native, id=11024, stack(0x000000a4be600000,0x000000a4be700000) (1024K)]
  0x000001fe8ced09e0 JavaThread "Exec process"                      [_thread_in_native, id=22928, stack(0x000000a4be900000,0x000000a4bea00000) (1024K)]
  0x000001fe8d2914e0 JavaThread "Connection worker"                 [_thread_blocked, id=26496, stack(0x000000a4bea00000,0x000000a4beb00000) (1024K)]
  0x000001fe8548f2f0 JavaThread "Worker-31: Initialize workspace"        [_thread_blocked, id=22944, stack(0x000000a4beb00000,0x000000a4bec00000) (1024K)]
  0x000001fe85490010 JavaThread "pool-30-thread-1"                  [_thread_blocked, id=22972, stack(0x000000a4bed00000,0x000000a4bee00000) (1024K)]
  0x000001fe85490d30 JavaThread "Exec process"                      [_thread_in_native, id=9052, stack(0x000000a4bee00000,0x000000a4bef00000) (1024K)]
  0x000001fe854906a0 JavaThread "Exec process"                      [_thread_in_native, id=5440, stack(0x000000a4bef00000,0x000000a4bf000000) (1024K)]
  0x000001fe8548ec60 JavaThread "Exec process Thread 2"             [_thread_blocked, id=9420, stack(0x000000a4bf000000,0x000000a4bf100000) (1024K)]
  0x000001fe854913c0 JavaThread "Exec process Thread 2"             [_thread_blocked, id=24132, stack(0x000000a4bf200000,0x000000a4bf300000) (1024K)]
  0x000001fe8548e5d0 JavaThread "Exec process Thread 2"             [_thread_blocked, id=3260, stack(0x000000a4bf300000,0x000000a4bf400000) (1024K)]
  0x000001fe8548df40 JavaThread "Timer-29"                          [_thread_blocked, id=24792, stack(0x000000a4bf100000,0x000000a4bf200000) (1024K)]
  0x000001fe85491a50 JavaThread "Exec process Thread 2"             [_thread_blocked, id=12468, stack(0x000000a4bf500000,0x000000a4bf600000) (1024K)]
  0x000001fe85492770 JavaThread "Exec process"                      [_thread_in_native, id=25276, stack(0x000000a4bec00000,0x000000a4bed00000) (1024K)]
  0x000001fe85492e00 JavaThread "Exec process Thread 2"             [_thread_blocked, id=24024, stack(0x000000a4bf600000,0x000000a4bf700000) (1024K)]
  0x000001fe85495560 JavaThread "Worker-32: Initialize workspace"        [_thread_blocked, id=26504, stack(0x000000a4bf800000,0x000000a4bf900000) (1024K)]
  0x000001fe854941b0 JavaThread "Exec process Thread 2"             [_thread_blocked, id=11520, stack(0x000000a4bfb00000,0x000000a4bfc00000) (1024K)]
  0x000001fe85493b20 JavaThread "pool-31-thread-1"                  [_thread_blocked, id=19728, stack(0x000000a4bfa00000,0x000000a4bfb00000) (1024K)]
  0x000001fe85494840 JavaThread "Timer-30"                          [_thread_blocked, id=22464, stack(0x000000a4bfc00000,0x000000a4bfd00000) (1024K)]
  0x000001fe85494ed0 JavaThread "Exec process"                      [_thread_in_native, id=23112, stack(0x000000a4bf900000,0x000000a4bfa00000) (1024K)]
  0x000001fe85493490 JavaThread "Worker-33: Initialize workspace"        [_thread_blocked, id=18564, stack(0x000000a4bfd00000,0x000000a4bfe00000) (1024K)]
  0x000001fe8e92b250 JavaThread "Exec process Thread 2"             [_thread_blocked, id=19504, stack(0x000000a4bff00000,0x000000a4c0000000) (1024K)]
  0x000001fe8e92c600 JavaThread "Connection worker"                 [_thread_blocked, id=12048, stack(0x000000a4c0000000,0x000000a4c0100000) (1024K)]
  0x000001fe8e92b8e0 JavaThread "pool-32-thread-1"                  [_thread_blocked, id=6024, stack(0x000000a4c0100000,0x000000a4c0200000) (1024K)]
  0x000001fe8e92bf70 JavaThread "Timer-31"                          [_thread_blocked, id=21136, stack(0x000000a4c0200000,0x000000a4c0300000) (1024K)]
  0x000001fe8e92a530 JavaThread "Exec process"                      [_thread_in_native, id=25752, stack(0x000000a4c0400000,0x000000a4c0500000) (1024K)]
  0x000001fe8e929ea0 JavaThread "Exec process Thread 2"             [_thread_blocked, id=24984, stack(0x000000a4c0600000,0x000000a4c0700000) (1024K)]
  0x000001fe8e92abc0 JavaThread "Timer-32"                          [_thread_blocked, id=9792, stack(0x000000a4c0700000,0x000000a4c0800000) (1024K)]
  0x000001fe8e930110 JavaThread "Exec process"                      [_thread_in_native, id=23896, stack(0x000000a4c0900000,0x000000a4c0a00000) (1024K)]
  0x000001fe8e92e6d0 JavaThread "Exec process Thread 2"             [_thread_blocked, id=23052, stack(0x000000a4c0b00000,0x000000a4c0c00000) (1024K)]
  0x000001fe8e92ed60 JavaThread "Worker-34: Initialize workspace"        [_thread_blocked, id=15436, stack(0x000000a4c0800000,0x000000a4c0900000) (1024K)]
  0x000001fe8e92f3f0 JavaThread "Exec process"                      [_thread_in_native, id=19492, stack(0x000000a4c0a00000,0x000000a4c0b00000) (1024K)]
  0x000001fe8e92cc90 JavaThread "Exec process Thread 2"             [_thread_blocked, id=24036, stack(0x000000a4c0d00000,0x000000a4c0e00000) (1024K)]
  0x000001fe8e9307a0 JavaThread "Exec process"                      [_thread_in_native, id=4404, stack(0x000000a4c0c00000,0x000000a4c0d00000) (1024K)]
  0x000001fe8e9321e0 JavaThread "Exec process Thread 2"             [_thread_blocked, id=8832, stack(0x000000a4c0f00000,0x000000a4c1000000) (1024K)]
  0x000001fe8e930e30 JavaThread "Connection worker"                 [_thread_blocked, id=22924, stack(0x000000a4c0300000,0x000000a4c0400000) (1024K)]
  0x000001fe8e92d9b0 JavaThread "pool-34-thread-1"                  [_thread_blocked, id=25788, stack(0x000000a4c1000000,0x000000a4c1100000) (1024K)]
  0x000001fe8e932870 JavaThread "Timer-33"                          [_thread_blocked, id=17268, stack(0x000000a4c1100000,0x000000a4c1200000) (1024K)]
  0x000001fe8e9314c0 JavaThread "Worker-35: Initialize workspace"        [_thread_blocked, id=25320, stack(0x000000a4c1200000,0x000000a4c1300000) (1024K)]
  0x000001fe8e934940 JavaThread "Exec process"                      [_thread_in_native, id=26320, stack(0x000000a4c1400000,0x000000a4c1500000) (1024K)]
  0x000001fe8e92fa80 JavaThread "Exec process Thread 2"             [_thread_blocked, id=22840, stack(0x000000a4c1500000,0x000000a4c1600000) (1024K)]
  0x000001fe8e935660 JavaThread "Worker-36: Initialize workspace"        [_thread_blocked, id=20988, stack(0x000000a4b6600000,0x000000a4b6700000) (1024K)]
  0x000001fe8e938450 JavaThread "Timer-34"                          [_thread_blocked, id=20900, stack(0x000000a4c1900000,0x000000a4c1a00000) (1024K)]
  0x000001fe8e938ae0 JavaThread "Exec process"                      [_thread_in_native, id=18696, stack(0x000000a4c1b00000,0x000000a4c1c00000) (1024K)]
  0x000001fe8e935cf0 JavaThread "Exec process Thread 2"             [_thread_blocked, id=16216, stack(0x000000a4c1d00000,0x000000a4c1e00000) (1024K)]
  0x000001fe8e9370a0 JavaThread "Exec process"                      [_thread_in_native, id=23632, stack(0x000000a4c1f00000,0x000000a4c2000000) (1024K)]
  0x000001fe8e936a10 JavaThread "Connection worker"                 [_thread_blocked, id=26636, stack(0x000000a4c1c00000,0x000000a4c1d00000) (1024K)]
  0x000001fe8e937730 JavaThread "Worker-37: Initialize workspace"        [_thread_blocked, id=26640, stack(0x000000a4c2000000,0x000000a4c2100000) (1024K)]
  0x000001fe8d80c300 JavaThread "Exec process Thread 2"             [_thread_blocked, id=26664, stack(0x000000a4c2300000,0x000000a4c2400000) (1024K)]
  0x000001fe8d80a230 JavaThread "pool-36-thread-1"                  [_thread_blocked, id=26676, stack(0x000000a4c2200000,0x000000a4c2300000) (1024K)]
  0x000001fe8d809510 JavaThread "Timer-35"                          [_thread_blocked, id=26692, stack(0x000000a4c2400000,0x000000a4c2500000) (1024K)]
  0x000001fe8d80b5e0 JavaThread "Exec process"                      [_thread_in_native, id=26700, stack(0x000000a4c2600000,0x000000a4c2700000) (1024K)]
  0x000001fe8d809ba0 JavaThread "Exec process Thread 2"             [_thread_blocked, id=26772, stack(0x000000a4c2900000,0x000000a4c2a00000) (1024K)]
  0x000001fe8d80dd40 JavaThread "Exec process"                      [_thread_in_native, id=26792, stack(0x000000a4c2c00000,0x000000a4c2d00000) (1024K)]
  0x000001fe8d80f780 JavaThread "Exec process Thread 2"             [_thread_blocked, id=26924, stack(0x000000a4c2a00000,0x000000a4c2b00000) (1024K)]
  0x000001fe8d80fe10 JavaThread "Exec process"                      [_thread_in_native, id=26956, stack(0x000000a4c2500000,0x000000a4c2600000) (1024K)]
  0x000001fe8d80ea60 JavaThread "Worker-38: Initialize workspace"        [_thread_blocked, id=26996, stack(0x000000a4c2e00000,0x000000a4c2f00000) (1024K)]
  0x000001fe8d80d020 JavaThread "Timer-36"                          [_thread_blocked, id=27036, stack(0x000000a4c3100000,0x000000a4c3200000) (1024K)]
  0x000001fe8d8111c0 JavaThread "Exec process"                      [_thread_in_native, id=27044, stack(0x000000a4c3300000,0x000000a4c3400000) (1024K)]
  0x000001fe8d80e3d0 JavaThread "Exec process Thread 2"             [_thread_blocked, id=27084, stack(0x000000a4c3500000,0x000000a4c3600000) (1024K)]
  0x000001fe8d811850 JavaThread "Exec process"                      [_thread_in_native, id=27192, stack(0x000000a4c3200000,0x000000a4c3300000) (1024K)]
  0x000001fe8d811ee0 JavaThread "Exec process"                      [_thread_in_native, id=27196, stack(0x000000a4c3400000,0x000000a4c3500000) (1024K)]
  0x000001fe8d812570 JavaThread "Connection worker"                 [_thread_blocked, id=27244, stack(0x000000a4c3000000,0x000000a4c3100000) (1024K)]
  0x000001fe8d8104a0 JavaThread "pool-38-thread-1"                  [_thread_blocked, id=27284, stack(0x000000a4c3900000,0x000000a4c3a00000) (1024K)]
  0x000001fe8d810b30 JavaThread "Exec process"                      [_thread_in_native, id=27288, stack(0x000000a4c3a00000,0x000000a4c3b00000) (1024K)]
  0x000001fe8d814640 JavaThread "Exec process Thread 2"             [_thread_blocked, id=27388, stack(0x000000a4c3c00000,0x000000a4c3d00000) (1024K)]
  0x000001fe8d816da0 JavaThread "Timer-37"                          [_thread_blocked, id=27392, stack(0x000000a4c3d00000,0x000000a4c3e00000) (1024K)]
  0x000001fe8d815360 JavaThread "Worker-39: Initialize workspace"        [_thread_blocked, id=27432, stack(0x000000a4c3e00000,0x000000a4c3f00000) (1024K)]
  0x000001fe8d813fb0 JavaThread "Exec process"                      [_thread_in_native, id=27460, stack(0x000000a4c3b00000,0x000000a4c3c00000) (1024K)]
  0x000001fe8d813920 JavaThread "Exec process"                      [_thread_in_native, id=27596, stack(0x000000a4c3800000,0x000000a4c3900000) (1024K)]
  0x000001fe8d817430 JavaThread "Connection worker"                 [_thread_blocked, id=26660, stack(0x000000a4b7700000,0x000000a4b7800000) (1024K)]
  0x000001fe8d816080 JavaThread "pool-39-thread-1"                  [_thread_blocked, id=24580, stack(0x000000a4b7800000,0x000000a4b7900000) (1024K)]
  0x000001fe8d814cd0 JavaThread "Exec process Thread 2"             [_thread_blocked, id=26920, stack(0x000000a4c4200000,0x000000a4c4300000) (1024K)]
  0x000001fe8d8187e0 JavaThread "Exec process Thread 2"             [_thread_blocked, id=26900, stack(0x000000a4c4300000,0x000000a4c4400000) (1024K)]
  0x000001fe8d818150 JavaThread "Exec process Thread 2"             [_thread_blocked, id=26952, stack(0x000000a4c4600000,0x000000a4c4700000) (1024K)]
  0x000001fe8c887c50 JavaThread "Exec process Thread 2"             [_thread_blocked, id=21252, stack(0x000000a4c4a00000,0x000000a4c4b00000) (1024K)]
  0x000001fe8c88aa40 JavaThread "Exec process Thread 2"             [_thread_blocked, id=27676, stack(0x000000a4c4d00000,0x000000a4c4e00000) (1024K)]
  0x000001fe8c889000 JavaThread "Exec process"                      [_thread_in_native, id=27884, stack(0x000000a4c4700000,0x000000a4c4800000) (1024K)]
  0x000001fe8c8882e0 JavaThread "Exec process Thread 2"             [_thread_blocked, id=27992, stack(0x000000a4c4e00000,0x000000a4c4f00000) (1024K)]
  0x000001fe8c88bdf0 JavaThread "Timer-38"                          [_thread_blocked, id=28016, stack(0x000000a4c4f00000,0x000000a4c5000000) (1024K)]
  0x000001fe8c88d1a0 JavaThread "Worker-40: Initialize workspace"        [_thread_blocked, id=28504, stack(0x000000a4c5100000,0x000000a4c5200000) (1024K)]
  0x000001fe8c88cb10 JavaThread "Exec process"                      [_thread_in_native, id=28528, stack(0x000000a4c5200000,0x000000a4c5300000) (1024K)]
  0x000001fe8c88dec0 JavaThread "Exec process Thread 2"             [_thread_blocked, id=28648, stack(0x000000a4c5400000,0x000000a4c5500000) (1024K)]
  0x000001fe8c88d830 JavaThread "Connection worker"                 [_thread_blocked, id=28748, stack(0x000000a4c4000000,0x000000a4c4100000) (1024K)]
  0x000001fe8c88e550 JavaThread "pool-40-thread-1"                  [_thread_blocked, id=28768, stack(0x000000a4c5300000,0x000000a4c5400000) (1024K)]
  0x000001fe8c8919d0 JavaThread "Exec process"                      [_thread_in_native, id=29148, stack(0x000000a4c5600000,0x000000a4c5700000) (1024K)]
  0x000001fe8c88ff90 JavaThread "Exec process Thread 2"             [_thread_blocked, id=29180, stack(0x000000a4c5a00000,0x000000a4c5b00000) (1024K)]
  0x000001fe8c891340 JavaThread "Timer-39"                          [_thread_blocked, id=29192, stack(0x000000a4c5b00000,0x000000a4c5c00000) (1024K)]
  0x000001fe8c890cb0 JavaThread "Worker-41: Initialize workspace"        [_thread_blocked, id=29204, stack(0x000000a4c5c00000,0x000000a4c5d00000) (1024K)]
  0x000001fe8c88f900 JavaThread "Connection worker"                 [_thread_blocked, id=29404, stack(0x000000a4c5800000,0x000000a4c5900000) (1024K)]
  0x000001fe8c88ebe0 JavaThread "Worker-42: Initialize workspace"        [_thread_blocked, id=29408, stack(0x000000a4c5900000,0x000000a4c5a00000) (1024K)]
  0x000001fe8c892060 JavaThread "pool-41-thread-1"                  [_thread_blocked, id=29416, stack(0x000000a4c5e00000,0x000000a4c5f00000) (1024K)]
  0x000001fe8c893410 JavaThread "Timer-40"                          [_thread_blocked, id=29444, stack(0x000000a4c5f00000,0x000000a4c6000000) (1024K)]
  0x000001fe8c8926f0 JavaThread "Exec process"                      [_thread_in_native, id=29488, stack(0x000000a4c6000000,0x000000a4c6100000) (1024K)]
  0x000001fe8c890620 JavaThread "Exec process Thread 2"             [_thread_blocked, id=29504, stack(0x000000a4c6200000,0x000000a4c6300000) (1024K)]
  0x000001fe8c895b70 JavaThread "Timer-41"                          [_thread_blocked, id=29552, stack(0x000000a4c6400000,0x000000a4c6500000) (1024K)]
  0x000001fe8c893aa0 JavaThread "Worker-43: Initialize workspace"        [_thread_blocked, id=7652, stack(0x000000a4c6500000,0x000000a4c6600000) (1024K)]
  0x000001fe8c894130 JavaThread "Worker-44: Initialize workspace"        [_thread_blocked, id=26428, stack(0x000000a4c6600000,0x000000a4c6700000) (1024K)]
  0x000001fe8c896890 JavaThread "Timer-42"                          [_thread_blocked, id=28776, stack(0x000000a4c6900000,0x000000a4c6a00000) (1024K)]
  0x000001fe8d846de0 JavaThread "Exec process"                      [_thread_in_native, id=28068, stack(0x000000a4c6d00000,0x000000a4c6e00000) (1024K)]
  0x000001fe8d847470 JavaThread "Exec process Thread 2"             [_thread_blocked, id=29160, stack(0x000000a4c6f00000,0x000000a4c7000000) (1024K)]
  0x000001fe8d8460c0 JavaThread "Timer-43"                          [_thread_blocked, id=29448, stack(0x000000a4c6e00000,0x000000a4c6f00000) (1024K)]
  0x000001fe8d8453a0 JavaThread "Exec process"                      [_thread_in_native, id=29772, stack(0x000000a4c7100000,0x000000a4c7200000) (1024K)]
  0x000001fe8d845a30 JavaThread "Exec process Thread 2"             [_thread_blocked, id=29804, stack(0x000000a4c7400000,0x000000a4c7500000) (1024K)]
  0x000001fe8d848190 JavaThread "Timer-44"                          [_thread_blocked, id=29856, stack(0x000000a4c7500000,0x000000a4c7600000) (1024K)]
  0x000001fe8d844d10 JavaThread "Worker-46: Initialize workspace"        [_thread_blocked, id=29880, stack(0x000000a4c7300000,0x000000a4c7400000) (1024K)]
  0x000001fe8d843ff0 JavaThread "Connection worker"                 [_thread_blocked, id=29896, stack(0x000000a4c7200000,0x000000a4c7300000) (1024K)]
  0x000001fe8d849bd0 JavaThread "pool-46-thread-1"                  [_thread_blocked, id=29928, stack(0x000000a4c7700000,0x000000a4c7800000) (1024K)]
  0x000001fe8d84b610 JavaThread "Timer-45"                          [_thread_blocked, id=30096, stack(0x000000a4c7a00000,0x000000a4c7b00000) (1024K)]
  0x000001fe8d848820 JavaThread "Worker-47: Initialize workspace"        [_thread_blocked, id=30104, stack(0x000000a4c7b00000,0x000000a4c7c00000) (1024K)]
  0x000001fe8d84a8f0 JavaThread "Connection worker"                 [_thread_blocked, id=30152, stack(0x000000a4c7900000,0x000000a4c7a00000) (1024K)]
  0x000001fe8d848eb0 JavaThread "pool-47-thread-1"                  [_thread_blocked, id=30256, stack(0x000000a4c7f00000,0x000000a4c8000000) (1024K)]
  0x000001fe8d84e400 JavaThread "Timer-46"                          [_thread_blocked, id=30416, stack(0x000000a4c8300000,0x000000a4c8400000) (1024K)]
  0x000001fe8d84a260 JavaThread "Connection worker"                 [_thread_blocked, id=30548, stack(0x000000a4c5d00000,0x000000a4c5e00000) (1024K)]
  0x000001fe8d847b00 JavaThread "Connection worker"                 [_thread_blocked, id=30552, stack(0x000000a4c6100000,0x000000a4c6200000) (1024K)]
  0x000001fe8d84d6e0 JavaThread "Connection worker"                 [_thread_blocked, id=30556, stack(0x000000a4c6300000,0x000000a4c6400000) (1024K)]
  0x000001fe8d84c330 JavaThread "Exec process"                      [_thread_in_native, id=30612, stack(0x000000a4c6700000,0x000000a4c6800000) (1024K)]
  0x000001fe8d84c9c0 JavaThread "Connection worker"                 [_thread_blocked, id=30648, stack(0x000000a4c6800000,0x000000a4c6900000) (1024K)]
  0x000001fe8d84ea90 JavaThread "pool-48-thread-1"                  [_thread_blocked, id=30700, stack(0x000000a4c7600000,0x000000a4c7700000) (1024K)]
  0x000001fe8d84bca0 JavaThread "Worker-49: Initialize workspace"        [_thread_blocked, id=30716, stack(0x000000a4c7800000,0x000000a4c7900000) (1024K)]
  0x000001fe8d84d050 JavaThread "Exec process Thread 2"             [_thread_blocked, id=5292, stack(0x000000a4c7d00000,0x000000a4c7e00000) (1024K)]
  0x000001fe8d846750 JavaThread "Timer-47"                          [_thread_blocked, id=10676, stack(0x000000a4c6a00000,0x000000a4c6b00000) (1024K)]
  0x000001fe8d844680 JavaThread "Connection worker"                 [_thread_blocked, id=16868, stack(0x000000a4c6c00000,0x000000a4c6d00000) (1024K)]
  0x000001fe8d84af80 JavaThread "Connection worker"                 [_thread_blocked, id=9728, stack(0x000000a4be100000,0x000000a4be200000) (1024K)]
  0x000001fe8d84f120 JavaThread "Connection worker"                 [_thread_blocked, id=8156, stack(0x000000a4be700000,0x000000a4be800000) (1024K)]
  0x000001fe8d850b60 JavaThread "Connection worker"                 [_thread_blocked, id=12340, stack(0x000000a4c0e00000,0x000000a4c0f00000) (1024K)]
  0x000001fe8d84f7b0 JavaThread "Connection worker"                 [_thread_blocked, id=19808, stack(0x000000a4bbb00000,0x000000a4bbc00000) (1024K)]
  0x000001fe8d84fe40 JavaThread "Connection worker"                 [_thread_blocked, id=3156, stack(0x000000a4ba900000,0x000000a4baa00000) (1024K)]
  0x000001fe8d8511f0 JavaThread "pool-49-thread-1"                  [_thread_blocked, id=29800, stack(0x000000a4bab00000,0x000000a4bac00000) (1024K)]
  0x000001fe8d84dd70 JavaThread "Connection worker"                 [_thread_blocked, id=10416, stack(0x000000a4bbe00000,0x000000a4bbf00000) (1024K)]
  0x000001fe8d852c30 JavaThread "Connection worker"                 [_thread_blocked, id=8760, stack(0x000000a4bfe00000,0x000000a4bff00000) (1024K)]
  0x000001fe8d8525a0 JavaThread "Worker-51: Initialize workspace"        [_thread_blocked, id=29996, stack(0x000000a4bb300000,0x000000a4bb400000) (1024K)]
  0x000001fe8d8532c0 JavaThread "Timer-48"                          [_thread_blocked, id=10600, stack(0x000000a4c0500000,0x000000a4c0600000) (1024K)]
  0x000001fe8c888970 JavaThread "Exec process"                      [_thread_in_native, id=30168, stack(0x000000a4c1300000,0x000000a4c1400000) (1024K)]
  0x000001fe8c88c480 JavaThread "Connection worker"                 [_thread_blocked, id=30248, stack(0x000000a4c1600000,0x000000a4c1700000) (1024K)]
  0x000001fe8c889690 JavaThread "pool-50-thread-1"                  [_thread_blocked, id=30320, stack(0x000000a4c1700000,0x000000a4c1800000) (1024K)]
  0x000001fe8c88b760 JavaThread "Exec process Thread 2"             [_thread_blocked, id=30060, stack(0x000000a4c1a00000,0x000000a4c1b00000) (1024K)]
  0x000001fe8c88f270 JavaThread "Timer-49"                          [_thread_blocked, id=30492, stack(0x000000a4c1e00000,0x000000a4c1f00000) (1024K)]
  0x000001fe8c889d20 JavaThread "Worker-59: Initialize workspace"        [_thread_blocked, id=12588, stack(0x000000a4c1800000,0x000000a4c1900000) (1024K)]
  0x000001fe8c894e50 JavaThread "Exec process"                      [_thread_in_native, id=27672, stack(0x000000a4c3700000,0x000000a4c3800000) (1024K)]
  0x000001fe8c896f20 JavaThread "Timer-50"                          [_thread_blocked, id=28752, stack(0x000000a4c3f00000,0x000000a4c4000000) (1024K)]
  0x000001fe8e92d320 JavaThread "Exec process"                      [_thread_in_native, id=28884, stack(0x000000a4c4800000,0x000000a4c4900000) (1024K)]
  0x000001fe8e933c20 JavaThread "Exec process Thread 2"             [_thread_blocked, id=28912, stack(0x000000a4c4b00000,0x000000a4c4c00000) (1024K)]
  0x000001fe8e934fd0 JavaThread "Exec process"                      [_thread_in_native, id=28784, stack(0x000000a4c4100000,0x000000a4c4200000) (1024K)]
  0x000001fe8e9342b0 JavaThread "Exec process Thread 2"             [_thread_blocked, id=28728, stack(0x000000a4c4c00000,0x000000a4c4d00000) (1024K)]
  0x000001fe8e931b50 JavaThread "Connection worker"                 [_thread_in_native, id=19984, stack(0x000000a4c3600000,0x000000a4c3700000) (1024K)]
  0x000001fe8e932f00 JavaThread "Exec process Thread 2"             [_thread_blocked, id=21688, stack(0x000000a4c5000000,0x000000a4c5100000) (1024K)]
  0x000001fe8e937dc0 JavaThread "Worker-71: Initialize workspace"        [_thread_blocked, id=14380, stack(0x000000a4c5500000,0x000000a4c5600000) (1024K)]
  0x000001fe8d80c990 JavaThread "Exec process"                      [_thread_in_native, id=27096, stack(0x000000a4c4900000,0x000000a4c4a00000) (1024K)]
  0x000001fe8d812c00 JavaThread "pool-52-thread-1"                  [_thread_blocked, id=27256, stack(0x000000a4c7000000,0x000000a4c7100000) (1024K)]
  0x000001fe8d813290 JavaThread "Exec process Thread 2"             [_thread_blocked, id=27264, stack(0x000000a4c7e00000,0x000000a4c7f00000) (1024K)]
  0x000001fe8d817ac0 JavaThread "Timer-51"                          [_thread_blocked, id=28560, stack(0x000000a4c7c00000,0x000000a4c7d00000) (1024K)]
  0x000001fe8c8947c0 JavaThread "Exec process"                      [_thread_in_native, id=22496, stack(0x000000a4c8100000,0x000000a4c8200000) (1024K)]
  0x000001fe8c892d80 JavaThread "Exec process Thread 2"             [_thread_blocked, id=26684, stack(0x000000a4c8400000,0x000000a4c8500000) (1024K)]
  0x000001fe8c8954e0 JavaThread "Worker-78: Initialize workspace"        [_thread_blocked, id=28308, stack(0x000000a4c2800000,0x000000a4c2900000) (1024K)]
  0x000001fe8c896200 JavaThread "Exec process"                      [_thread_in_native, id=24224, stack(0x000000a4c5700000,0x000000a4c5800000) (1024K)]
  0x000001fe8cecced0 JavaThread "Exec process Thread 2"             [_thread_blocked, id=8912, stack(0x000000a4c8000000,0x000000a4c8100000) (1024K)]
  0x000001fe8cecbb20 JavaThread "Exec process"                      [_thread_in_native, id=27056, stack(0x000000a4c6b00000,0x000000a4c6c00000) (1024K)]
  0x000001fe8ced1700 JavaThread "Exec process"                      [_thread_in_native, id=28052, stack(0x000000a4c8200000,0x000000a4c8300000) (1024K)]
  0x000001fe8e936380 JavaThread "Exec process"                      [_thread_in_native, id=24464, stack(0x000000a4c8600000,0x000000a4c8700000) (1024K)]
  0x000001fe8e933590 JavaThread "Exec process"                      [_thread_in_native, id=18952, stack(0x000000a4c8700000,0x000000a4c8800000) (1024K)]
  0x000001fe8d75c330 JavaThread "Exec process Thread 2"             [_thread_blocked, id=27080, stack(0x000000a4c8900000,0x000000a4c8a00000) (1024K)]
  0x000001fe8d75d6e0 JavaThread "Exec process Thread 2"             [_thread_blocked, id=29768, stack(0x000000a4c8b00000,0x000000a4c8c00000) (1024K)]
  0x000001fe8ccc15c0 JavaThread "Exec process Thread 2"             [_thread_blocked, id=12652, stack(0x000000a4c8d00000,0x000000a4c8e00000) (1024K)]
  0x000001fe8d80af50 JavaThread "Exec process Thread 2"             [_thread_blocked, id=30344, stack(0x000000a4c8e00000,0x000000a4c8f00000) (1024K)]
  0x000001fe8ccbc700 JavaThread "Exec process"                      [_thread_in_native, id=20232, stack(0x000000a4c8a00000,0x000000a4c8b00000) (1024K)]
  0x000001fe8d849540 JavaThread "Timer-52"                          [_thread_blocked, id=28480, stack(0x000000a4c8f00000,0x000000a4c9000000) (1024K)]
  0x000001fe8eceb7e0 JavaThread "Exec process"                      [_thread_in_native, id=20300, stack(0x000000a4c9300000,0x000000a4c9400000) (1024K)]
  0x000001fe8eceec60 JavaThread "Exec process"                      [_thread_in_native, id=19920, stack(0x000000a4c9500000,0x000000a4c9600000) (1024K)]
  0x000001fe8ecef2f0 JavaThread "Exec process Thread 2"             [_thread_blocked, id=28660, stack(0x000000a4c9600000,0x000000a4c9700000) (1024K)]
  0x000001fe8ececb90 JavaThread "Exec process Thread 2"             [_thread_blocked, id=30052, stack(0x000000a4c9800000,0x000000a4c9900000) (1024K)]
  0x000001fe8ecebe70 JavaThread "Exec process Thread 2"             [_thread_blocked, id=6168, stack(0x000000a4c9a00000,0x000000a4c9b00000) (1024K)]
  0x000001fe8ecee5d0 JavaThread "Worker-86: Initialize workspace"        [_thread_blocked, id=3048, stack(0x000000a4c8500000,0x000000a4c8600000) (1024K)]
  0x000001fe8eced8b0 JavaThread "Worker-87: Check JDK Index"        [_thread_blocked, id=11860, stack(0x000000a4c8800000,0x000000a4c8900000) (1024K)]
  0x000001fe8ecef980 JavaThread "Worker-88: Check JDK Index"        [_thread_blocked, id=30744, stack(0x000000a4c9700000,0x000000a4c9800000) (1024K)]
  0x000001fe8ecec500 JavaThread "Connection worker"                 [_thread_new, id=30772, stack(0x0000000000000000,0x0000000000000000) (0B)]
  0x000001fe8ecf0010 JavaThread "Connection worker"                 [_thread_in_native, id=30776, stack(0x000000a4bda00000,0x000000a4bdb00000) (1024K)]
  0x000001fe8eced220 JavaThread "Connection worker"                 [_thread_blocked, id=30780, stack(0x000000a4bdb00000,0x000000a4bdc00000) (1024K)]
  0x000001fe8ecf06a0 JavaThread "Connection worker"                 [_thread_new, id=30820, stack(0x0000000000000000,0x0000000000000000) (0B)]
  0x000001fe8ecf06a0 JavaThread "Connection worker"                 [_thread_new, id=30820, stack(0x0000000000000000,0x0000000000000000) (0B)]
  0x000001fe8ecec500 JavaThread "Connection worker"                 [_thread_new, id=30772, stack(0x0000000000000000,0x0000000000000000) (0B)]
  0x000001fe8ecf0010 JavaThread "Connection worker"                 [_thread_in_native, id=30776, stack(0x000000a4bda00000,0x000000a4bdb00000) (1024K)]
  0x000001fe8eced220 JavaThread "Connection worker"                 [_thread_blocked, id=30780, stack(0x000000a4bdb00000,0x000000a4bdc00000) (1024K)]
Total: 313

Other Threads:
  0x000001fe2ab71bb0 VMThread "VM Thread"                           [id=20500, stack(0x000000a4b4b00000,0x000000a4b4c00000) (1024K)]
  0x000001fe4145ca00 WatcherThread "VM Periodic Task Thread"        [id=23924, stack(0x000000a4b4a00000,0x000000a4b4b00000) (1024K)]
  0x000001fe2aaeacc0 WorkerThread "GC Thread#0"                     [id=23668, stack(0x000000a4b4900000,0x000000a4b4a00000) (1024K)]
  0x000001fe8540b950 WorkerThread "GC Thread#1"                     [id=8900, stack(0x000000a4b5700000,0x000000a4b5800000) (1024K)]
  0x000001fe854a71f0 WorkerThread "GC Thread#2"                     [id=4728, stack(0x000000a4b5800000,0x000000a4b5900000) (1024K)]
  0x000001fe85511980 WorkerThread "GC Thread#3"                     [id=440, stack(0x000000a4b5900000,0x000000a4b5a00000) (1024K)]
  0x000001fe85511d30 WorkerThread "GC Thread#4"                     [id=11580, stack(0x000000a4b5a00000,0x000000a4b5b00000) (1024K)]
  0x000001fe855120e0 WorkerThread "GC Thread#5"                     [id=4904, stack(0x000000a4b5b00000,0x000000a4b5c00000) (1024K)]
  0x000001fe85512490 WorkerThread "GC Thread#6"                     [id=12516, stack(0x000000a4b5c00000,0x000000a4b5d00000) (1024K)]
  0x000001fe8580feb0 WorkerThread "GC Thread#7"                     [id=13864, stack(0x000000a4b5e00000,0x000000a4b5f00000) (1024K)]
  0x000001fe8a32e0b0 WorkerThread "GC Thread#8"                     [id=21324, stack(0x000000a4b6200000,0x000000a4b6300000) (1024K)]
  0x000001fe8a32e460 WorkerThread "GC Thread#9"                     [id=24888, stack(0x000000a4b6300000,0x000000a4b6400000) (1024K)]
  0x000001fe8a32ec10 WorkerThread "GC Thread#10"                    [id=992, stack(0x000000a4b6400000,0x000000a4b6500000) (1024K)]
  0x000001fe8a4c58d0 WorkerThread "GC Thread#11"                    [id=25008, stack(0x000000a4b6800000,0x000000a4b6900000) (1024K)]
  0x000001fe8a4c6030 WorkerThread "GC Thread#12"                    [id=21144, stack(0x000000a4b6900000,0x000000a4b6a00000) (1024K)]
Total: 15

Threads with active compile tasks:
C2 CompilerThread0  48089 11963       4       com.sun.org.apache.xerces.internal.parsers.XML11Configuration::getPropertyState (23 bytes)
Total: 1

VM state: not at safepoint (normal execution)

VM Mutex/Monitor currently owned by a thread: None

Heap address: 0x0000000080000000, size: 2048 MB, Compressed Oops mode: 32-bit

CDS archive(s) mapped at: [0x000001fe42000000-0x000001fe42ba0000-0x000001fe42ba0000), size 12189696, SharedBaseAddress: 0x000001fe42000000, ArchiveRelocationMode: 1.
Compressed class space mapped at: 0x000001fe43000000-0x000001fe83000000, reserved size: 1073741824
Narrow klass base: 0x000001fe42000000, Narrow klass shift: 0, Narrow klass range: 0x100000000

GC Precious Log:
 CardTable entry size: 512
 CPUs: 16 total, 16 available
 Memory: 7895M
 Large Page Support: Disabled
 NUMA Support: Disabled
 Compressed Oops: Enabled (32-bit)
 Alignments: Space 512K, Generation 512K, Heap 2M
 Heap Min Capacity: 100M
 Heap Initial Capacity: 100M
 Heap Max Capacity: 2G
 Pre-touch: Disabled
 Parallel Workers: 13

Heap:
 PSYoungGen      total 8704K, used 6088K [0x00000000d5580000, 0x00000000d6080000, 0x0000000100000000)
  eden space 8192K, 68% used [0x00000000d5580000,0x00000000d5afa2a0,0x00000000d5d80000)
  from space 512K, 93% used [0x00000000d5f80000,0x00000000d5ff8020,0x00000000d6000000)
  to   space 512K, 0% used [0x00000000d6000000,0x00000000d6000000,0x00000000d6080000)
 ParOldGen       total 120320K, used 120084K [0x0000000080000000, 0x0000000087580000, 0x00000000d5580000)
  object space 120320K, 99% used [0x0000000080000000,0x00000000875451b8,0x0000000087580000)
 Metaspace       used 62509K, committed 63872K, reserved 1114112K
  class space    used 7216K, committed 7808K, reserved 1048576K

Card table byte_map: [0x000001fe2a480000,0x000001fe2a890000] _byte_map_base: 0x000001fe2a080000

Marking Bits: (ParMarkBitMap*) 0x00007ffe35eb44a0
 Begin Bits: [0x000001fe3cf80000, 0x000001fe3ef80000)
 End Bits:   [0x000001fe3ef80000, 0x000001fe40f80000)

Polling page: 0x000001fe289a0000

Metaspace:

Usage:
  Non-class:     54.00 MB used.
      Class:      7.05 MB used.
       Both:     61.04 MB used.

Virtual space:
  Non-class space:       64.00 MB reserved,      54.75 MB ( 86%) committed,  1 nodes.
      Class space:        1.00 GB reserved,       7.62 MB ( <1%) committed,  1 nodes.
             Both:        1.06 GB reserved,      62.38 MB (  6%) committed. 

Chunk freelists:
   Non-Class:  9.00 MB
       Class:  8.25 MB
        Both:  17.25 MB

MaxMetaspaceSize: unlimited
CompressedClassSpaceSize: 1.00 GB
Initial GC threshold: 21.00 MB
Current GC threshold: 98.12 MB
CDS: on
 - commit_granule_bytes: 65536.
 - commit_granule_words: 8192.
 - virtual_space_node_default_size: 8388608.
 - enlarge_chunks_in_place: 1.
 - use_allocation_guard: 0.


Internal statistics:

num_allocs_failed_limit: 13.
num_arena_births: 1318.
num_arena_deaths: 42.
num_vsnodes_births: 2.
num_vsnodes_deaths: 0.
num_space_committed: 998.
num_space_uncommitted: 0.
num_chunks_returned_to_freelist: 60.
num_chunks_taken_from_freelist: 4139.
num_chunk_merges: 19.
num_chunk_splits: 2600.
num_chunks_enlarged: 1562.
num_inconsistent_stats: 0.

CodeHeap 'non-profiled nmethods': size=119168Kb used=7267Kb max_used=7267Kb free=111900Kb
 bounds [0x000001fe35870000, 0x000001fe35f90000, 0x000001fe3ccd0000]
CodeHeap 'profiled nmethods': size=119104Kb used=23192Kb max_used=23192Kb free=95911Kb
 bounds [0x000001fe2dcd0000, 0x000001fe2f380000, 0x000001fe35120000]
CodeHeap 'non-nmethods': size=7488Kb used=1390Kb max_used=2586Kb free=6097Kb
 bounds [0x000001fe35120000, 0x000001fe353b0000, 0x000001fe35870000]
CodeCache: size=245760Kb, used=31849Kb, max_used=33045Kb, free=213908Kb
 total_blobs=12031, nmethods=11336, adapters=601, full_count=0
Compilation: enabled, stopped_count=0, restarted_count=0

Compilation events (20 events):
Event: 47.741 Thread 0x000001fe83a45f50 11962       3       java.util.HashMap$KeySpliterator::characteristics (30 bytes)
Event: 47.742 Thread 0x000001fe83a45f50 nmethod 11962 0x000001fe2f360b90 code [0x000001fe2f360d40, 0x000001fe2f360ee0]
Event: 47.750 Thread 0x000001fe83a45f50 11964       3       com.sun.org.apache.xerces.internal.dom.ElementImpl::getAttribute (49 bytes)
Event: 47.751 Thread 0x000001fe83a42470 11963       4       com.sun.org.apache.xerces.internal.parsers.XML11Configuration::getPropertyState (23 bytes)
Event: 47.754 Thread 0x000001fe83a45f50 nmethod 11964 0x000001fe2f360f90 code [0x000001fe2f3611c0, 0x000001fe2f361b20]
Event: 47.754 Thread 0x000001fe83a45f50 11966       3       org.eclipse.jdt.core.JavaCore::newContainerEntry (99 bytes)
Event: 47.915 Thread 0x000001fe83a45f50 nmethod 11966 0x000001fe2f361d10 code [0x000001fe2f361f60, 0x000001fe2f3626d0]
Event: 47.915 Thread 0x000001fe83a45f50 11968       3       java.nio.HeapCharBuffer::subSequence (48 bytes)
Event: 47.917 Thread 0x000001fe83a45f50 nmethod 11968 0x000001fe2f362a10 code [0x000001fe2f362be0, 0x000001fe2f362fd8]
Event: 47.917 Thread 0x000001fe83a45f50 11969       3       java.util.Scanner::clearCaches (11 bytes)
Event: 47.917 Thread 0x000001fe83a45f50 nmethod 11969 0x000001fe2f363190 code [0x000001fe2f363320, 0x000001fe2f363458]
Event: 47.917 Thread 0x000001fe83a45f50 11971       3       java.nio.HeapCharBuffer::subSequence (7 bytes)
Event: 47.917 Thread 0x000001fe83a45f50 nmethod 11971 0x000001fe2f363510 code [0x000001fe2f3636c0, 0x000001fe2f363818]
Event: 47.917 Thread 0x000001fe83a45f50 11967       1       org.gradle.launcher.daemon.bootstrap.DaemonStartupCommunication::daemonGreeting (3 bytes)
Event: 47.917 Thread 0x000001fe83a45f50 nmethod 11967 0x000001fe35f88190 code [0x000001fe35f88320, 0x000001fe35f883d0]
Event: 47.917 Thread 0x000001fe83a45f50 11970       1       java.util.regex.Matcher::hitEnd (5 bytes)
Event: 47.918 Thread 0x000001fe83a45f50 nmethod 11970 0x000001fe35f88490 code [0x000001fe35f88620, 0x000001fe35f886f0]
Event: 47.918 Thread 0x000001fe83a45f50 11965       3       java.lang.String::decode2 (12 bytes)
Event: 47.918 Thread 0x000001fe83a45f50 nmethod 11965 0x000001fe2f363910 code [0x000001fe2f363aa0, 0x000001fe2f363ba8]
Event: 47.921 Thread 0x000001fe83a45f50 11972       1       ch.qos.logback.classic.LoggerContext::getSequenceNumberGenerator (5 bytes)

GC Heap History (20 events):
Event: 44.961 GC heap before
{Heap before GC invocations=139 (full 3):
 PSYoungGen      total 10752K, used 10253K [0x00000000d5580000, 0x00000000d6280000, 0x0000000100000000)
  eden space 8192K, 99% used [0x00000000d5580000,0x00000000d5d7ffc0,0x00000000d5d80000)
  from space 2560K, 80% used [0x00000000d5d80000,0x00000000d5f83550,0x00000000d6000000)
  to   space 2560K, 0% used [0x00000000d6000000,0x00000000d6000000,0x00000000d6280000)
 ParOldGen       total 117248K, used 117051K [0x0000000080000000, 0x0000000087280000, 0x00000000d5580000)
  object space 117248K, 99% used [0x0000000080000000,0x000000008724ef38,0x0000000087280000)
 Metaspace       used 62462K, committed 63872K, reserved 1114112K
  class space    used 7214K, committed 7808K, reserved 1048576K
}
Event: 44.964 GC heap after
{Heap after GC invocations=139 (full 3):
 PSYoungGen      total 8704K, used 352K [0x00000000d5580000, 0x00000000d6080000, 0x0000000100000000)
  eden space 8192K, 0% used [0x00000000d5580000,0x00000000d5580000,0x00000000d5d80000)
  from space 512K, 68% used [0x00000000d6000000,0x00000000d6058000,0x00000000d6080000)
  to   space 1536K, 0% used [0x00000000d5d80000,0x00000000d5d80000,0x00000000d5f00000)
 ParOldGen       total 118272K, used 118163K [0x0000000080000000, 0x0000000087380000, 0x00000000d5580000)
  object space 118272K, 99% used [0x0000000080000000,0x0000000087364f58,0x0000000087380000)
 Metaspace       used 62462K, committed 63872K, reserved 1114112K
  class space    used 7214K, committed 7808K, reserved 1048576K
}
Event: 45.154 GC heap before
{Heap before GC invocations=140 (full 3):
 PSYoungGen      total 8704K, used 8543K [0x00000000d5580000, 0x00000000d6080000, 0x0000000100000000)
  eden space 8192K, 99% used [0x00000000d5580000,0x00000000d5d7fff0,0x00000000d5d80000)
  from space 512K, 68% used [0x00000000d6000000,0x00000000d6058000,0x00000000d6080000)
  to   space 1536K, 0% used [0x00000000d5d80000,0x00000000d5d80000,0x00000000d5f00000)
 ParOldGen       total 118272K, used 118163K [0x0000000080000000, 0x0000000087380000, 0x00000000d5580000)
  object space 118272K, 99% used [0x0000000080000000,0x0000000087364f58,0x0000000087380000)
 Metaspace       used 62462K, committed 63872K, reserved 1114112K
  class space    used 7214K, committed 7808K, reserved 1048576K
}
Event: 45.156 GC heap after
{Heap after GC invocations=140 (full 3):
 PSYoungGen      total 9728K, used 384K [0x00000000d5580000, 0x00000000d6080000, 0x0000000100000000)
  eden space 8192K, 0% used [0x00000000d5580000,0x00000000d5580000,0x00000000d5d80000)
  from space 1536K, 25% used [0x00000000d5d80000,0x00000000d5de0000,0x00000000d5f00000)
  to   space 512K, 0% used [0x00000000d6000000,0x00000000d6000000,0x00000000d6080000)
 ParOldGen       total 118784K, used 118371K [0x0000000080000000, 0x0000000087400000, 0x00000000d5580000)
  object space 118784K, 99% used [0x0000000080000000,0x0000000087398f68,0x0000000087400000)
 Metaspace       used 62462K, committed 63872K, reserved 1114112K
  class space    used 7214K, committed 7808K, reserved 1048576K
}
Event: 45.508 GC heap before
{Heap before GC invocations=141 (full 3):
 PSYoungGen      total 9728K, used 8575K [0x00000000d5580000, 0x00000000d6080000, 0x0000000100000000)
  eden space 8192K, 99% used [0x00000000d5580000,0x00000000d5d7ffe8,0x00000000d5d80000)
  from space 1536K, 25% used [0x00000000d5d80000,0x00000000d5de0000,0x00000000d5f00000)
  to   space 512K, 0% used [0x00000000d6000000,0x00000000d6000000,0x00000000d6080000)
 ParOldGen       total 118784K, used 118371K [0x0000000080000000, 0x0000000087400000, 0x00000000d5580000)
  object space 118784K, 99% used [0x0000000080000000,0x0000000087398f68,0x0000000087400000)
 Metaspace       used 62462K, committed 63872K, reserved 1114112K
  class space    used 7214K, committed 7808K, reserved 1048576K
}
Event: 45.511 GC heap after
{Heap after GC invocations=141 (full 3):
 PSYoungGen      total 8704K, used 384K [0x00000000d5580000, 0x00000000d6080000, 0x0000000100000000)
  eden space 8192K, 0% used [0x00000000d5580000,0x00000000d5580000,0x00000000d5d80000)
  from space 512K, 75% used [0x00000000d6000000,0x00000000d6060000,0x00000000d6080000)
  to   space 512K, 0% used [0x00000000d5f80000,0x00000000d5f80000,0x00000000d6000000)
 ParOldGen       total 118784K, used 118543K [0x0000000080000000, 0x0000000087400000, 0x00000000d5580000)
  object space 118784K, 99% used [0x0000000080000000,0x00000000873c3f98,0x0000000087400000)
 Metaspace       used 62462K, committed 63872K, reserved 1114112K
  class space    used 7214K, committed 7808K, reserved 1048576K
}
Event: 45.733 GC heap before
{Heap before GC invocations=142 (full 3):
 PSYoungGen      total 8704K, used 8575K [0x00000000d5580000, 0x00000000d6080000, 0x0000000100000000)
  eden space 8192K, 99% used [0x00000000d5580000,0x00000000d5d7ff90,0x00000000d5d80000)
  from space 512K, 75% used [0x00000000d6000000,0x00000000d6060000,0x00000000d6080000)
  to   space 512K, 0% used [0x00000000d5f80000,0x00000000d5f80000,0x00000000d6000000)
 ParOldGen       total 118784K, used 118543K [0x0000000080000000, 0x0000000087400000, 0x00000000d5580000)
  object space 118784K, 99% used [0x0000000080000000,0x00000000873c3f98,0x0000000087400000)
 Metaspace       used 62463K, committed 63872K, reserved 1114112K
  class space    used 7214K, committed 7808K, reserved 1048576K
}
Event: 45.735 GC heap after
{Heap after GC invocations=142 (full 3):
 PSYoungGen      total 8704K, used 384K [0x00000000d5580000, 0x00000000d6080000, 0x0000000100000000)
  eden space 8192K, 0% used [0x00000000d5580000,0x00000000d5580000,0x00000000d5d80000)
  from space 512K, 75% used [0x00000000d5f80000,0x00000000d5fe0000,0x00000000d6000000)
  to   space 512K, 0% used [0x00000000d6000000,0x00000000d6000000,0x00000000d6080000)
 ParOldGen       total 118784K, used 118759K [0x0000000080000000, 0x0000000087400000, 0x00000000d5580000)
  object space 118784K, 99% used [0x0000000080000000,0x00000000873f9fb8,0x0000000087400000)
 Metaspace       used 62463K, committed 63872K, reserved 1114112K
  class space    used 7214K, committed 7808K, reserved 1048576K
}
Event: 46.198 GC heap before
{Heap before GC invocations=143 (full 3):
 PSYoungGen      total 8704K, used 8575K [0x00000000d5580000, 0x00000000d6080000, 0x0000000100000000)
  eden space 8192K, 99% used [0x00000000d5580000,0x00000000d5d7fff0,0x00000000d5d80000)
  from space 512K, 75% used [0x00000000d5f80000,0x00000000d5fe0000,0x00000000d6000000)
  to   space 512K, 0% used [0x00000000d6000000,0x00000000d6000000,0x00000000d6080000)
 ParOldGen       total 118784K, used 118759K [0x0000000080000000, 0x0000000087400000, 0x00000000d5580000)
  object space 118784K, 99% used [0x0000000080000000,0x00000000873f9fb8,0x0000000087400000)
 Metaspace       used 62463K, committed 63872K, reserved 1114112K
  class space    used 7214K, committed 7808K, reserved 1048576K
}
Event: 46.200 GC heap after
{Heap after GC invocations=143 (full 3):
 PSYoungGen      total 8704K, used 352K [0x00000000d5580000, 0x00000000d6080000, 0x0000000100000000)
  eden space 8192K, 0% used [0x00000000d5580000,0x00000000d5580000,0x00000000d5d80000)
  from space 512K, 68% used [0x00000000d6000000,0x00000000d6058000,0x00000000d6080000)
  to   space 512K, 0% used [0x00000000d5f80000,0x00000000d5f80000,0x00000000d6000000)
 ParOldGen       total 119296K, used 118943K [0x0000000080000000, 0x0000000087480000, 0x00000000d5580000)
  object space 119296K, 99% used [0x0000000080000000,0x0000000087427fe8,0x0000000087480000)
 Metaspace       used 62463K, committed 63872K, reserved 1114112K
  class space    used 7214K, committed 7808K, reserved 1048576K
}
Event: 46.353 GC heap before
{Heap before GC invocations=144 (full 3):
 PSYoungGen      total 8704K, used 8536K [0x00000000d5580000, 0x00000000d6080000, 0x0000000100000000)
  eden space 8192K, 99% used [0x00000000d5580000,0x00000000d5d7e3b8,0x00000000d5d80000)
  from space 512K, 68% used [0x00000000d6000000,0x00000000d6058000,0x00000000d6080000)
  to   space 512K, 0% used [0x00000000d5f80000,0x00000000d5f80000,0x00000000d6000000)
 ParOldGen       total 119296K, used 118943K [0x0000000080000000, 0x0000000087480000, 0x00000000d5580000)
  object space 119296K, 99% used [0x0000000080000000,0x0000000087427fe8,0x0000000087480000)
 Metaspace       used 62468K, committed 63872K, reserved 1114112K
  class space    used 7214K, committed 7808K, reserved 1048576K
}
Event: 46.354 GC heap after
{Heap after GC invocations=144 (full 3):
 PSYoungGen      total 8704K, used 512K [0x00000000d5580000, 0x00000000d6080000, 0x0000000100000000)
  eden space 8192K, 0% used [0x00000000d5580000,0x00000000d5580000,0x00000000d5d80000)
  from space 512K, 100% used [0x00000000d5f80000,0x00000000d6000000,0x00000000d6000000)
  to   space 512K, 0% used [0x00000000d6000000,0x00000000d6000000,0x00000000d6080000)
 ParOldGen       total 119296K, used 119128K [0x0000000080000000, 0x0000000087480000, 0x00000000d5580000)
  object space 119296K, 99% used [0x0000000080000000,0x0000000087456008,0x0000000087480000)
 Metaspace       used 62468K, committed 63872K, reserved 1114112K
  class space    used 7214K, committed 7808K, reserved 1048576K
}
Event: 46.514 GC heap before
{Heap before GC invocations=145 (full 3):
 PSYoungGen      total 8704K, used 8703K [0x00000000d5580000, 0x00000000d6080000, 0x0000000100000000)
  eden space 8192K, 99% used [0x00000000d5580000,0x00000000d5d7fd20,0x00000000d5d80000)
  from space 512K, 100% used [0x00000000d5f80000,0x00000000d6000000,0x00000000d6000000)
  to   space 512K, 0% used [0x00000000d6000000,0x00000000d6000000,0x00000000d6080000)
 ParOldGen       total 119296K, used 119128K [0x0000000080000000, 0x0000000087480000, 0x00000000d5580000)
  object space 119296K, 99% used [0x0000000080000000,0x0000000087456008,0x0000000087480000)
 Metaspace       used 62468K, committed 63872K, reserved 1114112K
  class space    used 7214K, committed 7808K, reserved 1048576K
}
Event: 46.516 GC heap after
{Heap after GC invocations=145 (full 3):
 PSYoungGen      total 8704K, used 416K [0x00000000d5580000, 0x00000000d6080000, 0x0000000100000000)
  eden space 8192K, 0% used [0x00000000d5580000,0x00000000d5580000,0x00000000d5d80000)
  from space 512K, 81% used [0x00000000d6000000,0x00000000d6068000,0x00000000d6080000)
  to   space 512K, 0% used [0x00000000d5f80000,0x00000000d5f80000,0x00000000d6000000)
 ParOldGen       total 119808K, used 119368K [0x0000000080000000, 0x0000000087500000, 0x00000000d5580000)
  object space 119808K, 99% used [0x0000000080000000,0x0000000087492088,0x0000000087500000)
 Metaspace       used 62468K, committed 63872K, reserved 1114112K
  class space    used 7214K, committed 7808K, reserved 1048576K
}
Event: 47.073 GC heap before
{Heap before GC invocations=146 (full 3):
 PSYoungGen      total 8704K, used 8608K [0x00000000d5580000, 0x00000000d6080000, 0x0000000100000000)
  eden space 8192K, 100% used [0x00000000d5580000,0x00000000d5d80000,0x00000000d5d80000)
  from space 512K, 81% used [0x00000000d6000000,0x00000000d6068000,0x00000000d6080000)
  to   space 512K, 0% used [0x00000000d5f80000,0x00000000d5f80000,0x00000000d6000000)
 ParOldGen       total 119808K, used 119368K [0x0000000080000000, 0x0000000087500000, 0x00000000d5580000)
  object space 119808K, 99% used [0x0000000080000000,0x0000000087492088,0x0000000087500000)
 Metaspace       used 62476K, committed 63872K, reserved 1114112K
  class space    used 7214K, committed 7808K, reserved 1048576K
}
Event: 47.075 GC heap after
{Heap after GC invocations=146 (full 3):
 PSYoungGen      total 8704K, used 496K [0x00000000d5580000, 0x00000000d6080000, 0x0000000100000000)
  eden space 8192K, 0% used [0x00000000d5580000,0x00000000d5580000,0x00000000d5d80000)
  from space 512K, 96% used [0x00000000d5f80000,0x00000000d5ffc010,0x00000000d6000000)
  to   space 512K, 0% used [0x00000000d6000000,0x00000000d6000000,0x00000000d6080000)
 ParOldGen       total 119808K, used 119580K [0x0000000080000000, 0x0000000087500000, 0x00000000d5580000)
  object space 119808K, 99% used [0x0000000080000000,0x00000000874c70d8,0x0000000087500000)
 Metaspace       used 62476K, committed 63872K, reserved 1114112K
  class space    used 7214K, committed 7808K, reserved 1048576K
}
Event: 47.503 GC heap before
{Heap before GC invocations=147 (full 3):
 PSYoungGen      total 8704K, used 8687K [0x00000000d5580000, 0x00000000d6080000, 0x0000000100000000)
  eden space 8192K, 99% used [0x00000000d5580000,0x00000000d5d7ff80,0x00000000d5d80000)
  from space 512K, 96% used [0x00000000d5f80000,0x00000000d5ffc010,0x00000000d6000000)
  to   space 512K, 0% used [0x00000000d6000000,0x00000000d6000000,0x00000000d6080000)
 ParOldGen       total 119808K, used 119580K [0x0000000080000000, 0x0000000087500000, 0x00000000d5580000)
  object space 119808K, 99% used [0x0000000080000000,0x00000000874c70d8,0x0000000087500000)
 Metaspace       used 62479K, committed 63872K, reserved 1114112K
  class space    used 7214K, committed 7808K, reserved 1048576K
}
Event: 47.505 GC heap after
{Heap after GC invocations=147 (full 3):
 PSYoungGen      total 8704K, used 448K [0x00000000d5580000, 0x00000000d6080000, 0x0000000100000000)
  eden space 8192K, 0% used [0x00000000d5580000,0x00000000d5580000,0x00000000d5d80000)
  from space 512K, 87% used [0x00000000d6000000,0x00000000d6070000,0x00000000d6080000)
  to   space 512K, 0% used [0x00000000d5f80000,0x00000000d5f80000,0x00000000d6000000)
 ParOldGen       total 119808K, used 119772K [0x0000000080000000, 0x0000000087500000, 0x00000000d5580000)
  object space 119808K, 99% used [0x0000000080000000,0x00000000874f7118,0x0000000087500000)
 Metaspace       used 62479K, committed 63872K, reserved 1114112K
  class space    used 7214K, committed 7808K, reserved 1048576K
}
Event: 47.897 GC heap before
{Heap before GC invocations=148 (full 3):
 PSYoungGen      total 8704K, used 8639K [0x00000000d5580000, 0x00000000d6080000, 0x0000000100000000)
  eden space 8192K, 99% used [0x00000000d5580000,0x00000000d5d7ffd8,0x00000000d5d80000)
  from space 512K, 87% used [0x00000000d6000000,0x00000000d6070000,0x00000000d6080000)
  to   space 512K, 0% used [0x00000000d5f80000,0x00000000d5f80000,0x00000000d6000000)
 ParOldGen       total 119808K, used 119772K [0x0000000080000000, 0x0000000087500000, 0x00000000d5580000)
  object space 119808K, 99% used [0x0000000080000000,0x00000000874f7118,0x0000000087500000)
 Metaspace       used 62493K, committed 63872K, reserved 1114112K
  class space    used 7215K, committed 7808K, reserved 1048576K
}
Event: 47.905 GC heap after
{Heap after GC invocations=148 (full 3):
 PSYoungGen      total 8704K, used 480K [0x00000000d5580000, 0x00000000d6080000, 0x0000000100000000)
  eden space 8192K, 0% used [0x00000000d5580000,0x00000000d5580000,0x00000000d5d80000)
  from space 512K, 93% used [0x00000000d5f80000,0x00000000d5ff8020,0x00000000d6000000)
  to   space 512K, 0% used [0x00000000d6000000,0x00000000d6000000,0x00000000d6080000)
 ParOldGen       total 120320K, used 120084K [0x0000000080000000, 0x0000000087580000, 0x00000000d5580000)
  object space 120320K, 99% used [0x0000000080000000,0x00000000875451b8,0x0000000087580000)
 Metaspace       used 62493K, committed 63872K, reserved 1114112K
  class space    used 7215K, committed 7808K, reserved 1048576K
}

Dll operation events (20 events):
Event: 0.161 Attempting to load shared library C:\Users\MSI Thin 15\.vscode\extensions\redhat.java-1.56.0-win32-x64\jre\21.0.12.1-win32-x86_64\bin\nio.dll
Event: 0.162 Loaded shared library C:\Users\MSI Thin 15\.vscode\extensions\redhat.java-1.56.0-win32-x64\jre\21.0.12.1-win32-x86_64\bin\nio.dll
Event: 0.170 Attempting to load shared library C:\Users\MSI Thin 15\.vscode\extensions\redhat.java-1.56.0-win32-x64\jre\21.0.12.1-win32-x86_64\bin\zip.dll
Event: 0.170 Loaded shared library C:\Users\MSI Thin 15\.vscode\extensions\redhat.java-1.56.0-win32-x64\jre\21.0.12.1-win32-x86_64\bin\zip.dll
Event: 0.196 Attempting to load shared library C:\Users\MSI Thin 15\.vscode\extensions\redhat.java-1.56.0-win32-x64\jre\21.0.12.1-win32-x86_64\bin\jimage.dll
Event: 0.196 Loaded shared library C:\Users\MSI Thin 15\.vscode\extensions\redhat.java-1.56.0-win32-x64\jre\21.0.12.1-win32-x86_64\bin\jimage.dll
Event: 0.316 Attempting to load shared library c:\Users\MSI Thin 15\.vscode\extensions\redhat.java-1.56.0-win32-x64\jre\21.0.12.1-win32-x86_64\bin\verify.dll
Event: 0.317 Loaded shared library c:\Users\MSI Thin 15\.vscode\extensions\redhat.java-1.56.0-win32-x64\jre\21.0.12.1-win32-x86_64\bin\verify.dll
Event: 1.397 Attempting to load shared library C:\Users\MSI Thin 15\AppData\Roaming\Code\User\globalStorage\redhat.java\1.56.0\config_win\org.eclipse.equinox.launcher\org.eclipse.equinox.launcher.win32.win32.x86_64_1.3.100.v20260804-1928\eclipse_11924.dll
Event: 1.400 Loaded shared library C:\Users\MSI Thin 15\AppData\Roaming\Code\User\globalStorage\redhat.java\1.56.0\config_win\org.eclipse.equinox.launcher\org.eclipse.equinox.launcher.win32.win32.x86_64_1.3.100.v20260804-1928\eclipse_11924.dll
Event: 4.630 Attempting to load shared library C:\Users\MSI Thin 15\AppData\Local\Temp\jna--1808118768\jna10497903051454565583.dll
Event: 4.710 Loaded shared library C:\Users\MSI Thin 15\AppData\Local\Temp\jna--1808118768\jna10497903051454565583.dll
Event: 8.895 Attempting to load shared library C:\Users\MSI Thin 15\.gradle\native\660c5614fbf4a5f2a75b1949f50a0caf5cd603558e7d8a26e50b933a0cfb79d1\windows-amd64\native-platform.dll
Event: 8.904 Loaded shared library C:\Users\MSI Thin 15\.gradle\native\660c5614fbf4a5f2a75b1949f50a0caf5cd603558e7d8a26e50b933a0cfb79d1\windows-amd64\native-platform.dll
Event: 20.405 Attempting to load shared library C:\Users\MSI Thin 15\.vscode\extensions\redhat.java-1.56.0-win32-x64\jre\21.0.12.1-win32-x86_64\bin\management.dll
Event: 20.459 Loaded shared library C:\Users\MSI Thin 15\.vscode\extensions\redhat.java-1.56.0-win32-x64\jre\21.0.12.1-win32-x86_64\bin\management.dll
Event: 20.465 Attempting to load shared library C:\Users\MSI Thin 15\.vscode\extensions\redhat.java-1.56.0-win32-x64\jre\21.0.12.1-win32-x86_64\bin\management_ext.dll
Event: 20.504 Loaded shared library C:\Users\MSI Thin 15\.vscode\extensions\redhat.java-1.56.0-win32-x64\jre\21.0.12.1-win32-x86_64\bin\management_ext.dll
Event: 22.282 Attempting to load shared library C:\Users\MSI Thin 15\.vscode\extensions\redhat.java-1.56.0-win32-x64\jre\21.0.12.1-win32-x86_64\bin\extnet.dll
Event: 22.284 Loaded shared library C:\Users\MSI Thin 15\.vscode\extensions\redhat.java-1.56.0-win32-x64\jre\21.0.12.1-win32-x86_64\bin\extnet.dll

Deoptimization events (20 events):
Event: 43.868 Thread 0x000001fe8e9342b0 DEOPT PACKING pc=0x000001fe35f64fd4 sp=0x000000a4c41fee90
Event: 43.868 Thread 0x000001fe8e9342b0 DEOPT UNPACKING pc=0x000001fe35173aa2 sp=0x000000a4c41fedd0 mode 2
Event: 43.868 Thread 0x000001fe8e9342b0 Uncommon trap: trap_request=0xffffffd6 fr.pc=0x000001fe35f64fd4 relative=0x00000000000007d4
Event: 43.868 Thread 0x000001fe8e9342b0 Uncommon trap: reason=array_check action=maybe_recompile pc=0x000001fe35f64fd4 method=com.google.gson.internal.GsonTypes$ParameterizedTypeImpl.<init>(Ljava/lang/reflect/Type;Ljava/lang/Class;[Ljava/lang/reflect/Type;)V @ 136 c2
Event: 43.868 Thread 0x000001fe8e9342b0 DEOPT PACKING pc=0x000001fe35f64fd4 sp=0x000000a4c41fef10
Event: 43.868 Thread 0x000001fe8e9342b0 DEOPT UNPACKING pc=0x000001fe35173aa2 sp=0x000000a4c41fee58 mode 2
Event: 43.868 Thread 0x000001fe8e9342b0 Uncommon trap: trap_request=0xffffffd6 fr.pc=0x000001fe35f64fd4 relative=0x00000000000007d4
Event: 43.868 Thread 0x000001fe8e9342b0 Uncommon trap: reason=array_check action=maybe_recompile pc=0x000001fe35f64fd4 method=com.google.gson.internal.GsonTypes$ParameterizedTypeImpl.<init>(Ljava/lang/reflect/Type;Ljava/lang/Class;[Ljava/lang/reflect/Type;)V @ 136 c2
Event: 43.868 Thread 0x000001fe8e9342b0 DEOPT PACKING pc=0x000001fe35f64fd4 sp=0x000000a4c41feec0
Event: 43.868 Thread 0x000001fe8e9342b0 DEOPT UNPACKING pc=0x000001fe35173aa2 sp=0x000000a4c41fee00 mode 2
Event: 43.869 Thread 0x000001fe8e9342b0 Uncommon trap: trap_request=0xffffffd6 fr.pc=0x000001fe35f64fd4 relative=0x00000000000007d4
Event: 43.869 Thread 0x000001fe8e9342b0 Uncommon trap: reason=array_check action=maybe_recompile pc=0x000001fe35f64fd4 method=com.google.gson.internal.GsonTypes$ParameterizedTypeImpl.<init>(Ljava/lang/reflect/Type;Ljava/lang/Class;[Ljava/lang/reflect/Type;)V @ 136 c2
Event: 43.869 Thread 0x000001fe8e9342b0 DEOPT PACKING pc=0x000001fe35f64fd4 sp=0x000000a4c41fef40
Event: 43.869 Thread 0x000001fe8e9342b0 DEOPT UNPACKING pc=0x000001fe35173aa2 sp=0x000000a4c41fee80 mode 2
Event: 44.195 Thread 0x000001fe8d84c9c0 DEOPT PACKING pc=0x000001fe2e7ffac8 sp=0x000000a4c68fdfb0
Event: 44.195 Thread 0x000001fe8d84c9c0 DEOPT UNPACKING pc=0x000001fe35174242 sp=0x000000a4c68fd458 mode 0
Event: 45.597 Thread 0x000001fe8d84f7b0 Uncommon trap: trap_request=0xffffff54 fr.pc=0x000001fe35ea77b4 relative=0x0000000000003e94
Event: 45.597 Thread 0x000001fe8d84f7b0 Uncommon trap: reason=speculate_null_assert action=make_not_entrant pc=0x000001fe35ea77b4 method=java.util.zip.ZipFile$Source.get(Ljava/io/File;ZLjava/util/zip/ZipCoder;)Ljava/util/zip/ZipFile$Source; @ 138 c2
Event: 45.597 Thread 0x000001fe8d84f7b0 DEOPT PACKING pc=0x000001fe35ea77b4 sp=0x000000a4bbbfe190
Event: 45.598 Thread 0x000001fe8d84f7b0 DEOPT UNPACKING pc=0x000001fe35173aa2 sp=0x000000a4bbbfe070 mode 2

Classes loaded (20 events):
Event: 31.728 Loading class sun/nio/cs/ISO_8859_1$Encoder
Event: 31.773 Loading class sun/nio/cs/ISO_8859_1$Encoder done
Event: 31.777 Loading class sun/nio/cs/Surrogate$Parser
Event: 31.785 Loading class sun/nio/cs/Surrogate$Parser done
Event: 31.786 Loading class sun/nio/cs/Surrogate
Event: 31.788 Loading class sun/nio/cs/Surrogate done
Event: 38.497 Loading class java/util/regex/Matcher$ImmutableMatchResult
Event: 38.500 Loading class java/util/regex/Matcher$ImmutableMatchResult done
Event: 39.669 Loading class java/util/concurrent/ConcurrentLinkedQueue$Itr
Event: 39.672 Loading class java/util/concurrent/ConcurrentLinkedQueue$Itr done
Event: 39.717 Loading class java/util/AbstractList$RandomAccessSubList
Event: 39.722 Loading class java/util/AbstractList$SubList
Event: 39.727 Loading class java/util/AbstractList$SubList done
Event: 39.727 Loading class java/util/AbstractList$RandomAccessSubList done
Event: 39.728 Loading class java/util/AbstractList$SubList$1
Event: 39.729 Loading class java/util/AbstractList$SubList$1 done
Event: 39.731 Loading class java/util/LinkedList$LLSpliterator
Event: 39.738 Loading class java/util/LinkedList$LLSpliterator done
Event: 40.520 Loading class sun/nio/ch/ChannelOutputStream
Event: 40.523 Loading class sun/nio/ch/ChannelOutputStream done

Classes unloaded (20 events):
Event: 5.151 Thread 0x000001fe2ab71bb0 Unloading class 0x000001fe431a4c00 'java/lang/invoke/LambdaForm$MH+0x000001fe431a4c00'
Event: 5.151 Thread 0x000001fe2ab71bb0 Unloading class 0x000001fe431a4800 'java/lang/invoke/LambdaForm$MH+0x000001fe431a4800'
Event: 5.151 Thread 0x000001fe2ab71bb0 Unloading class 0x000001fe431a4400 'java/lang/invoke/LambdaForm$MH+0x000001fe431a4400'
Event: 5.151 Thread 0x000001fe2ab71bb0 Unloading class 0x000001fe431a4000 'java/lang/invoke/LambdaForm$BMH+0x000001fe431a4000'
Event: 5.151 Thread 0x000001fe2ab71bb0 Unloading class 0x000001fe431a3c00 'java/lang/invoke/LambdaForm$DMH+0x000001fe431a3c00'
Event: 5.151 Thread 0x000001fe2ab71bb0 Unloading class 0x000001fe431a2800 'java/lang/invoke/LambdaForm$DMH+0x000001fe431a2800'
Event: 6.492 Thread 0x000001fe2ab71bb0 Unloading class 0x000001fe43352800 'java/lang/invoke/LambdaForm$MH+0x000001fe43352800'
Event: 6.492 Thread 0x000001fe2ab71bb0 Unloading class 0x000001fe43351c00 'java/lang/invoke/LambdaForm$MH+0x000001fe43351c00'
Event: 6.492 Thread 0x000001fe2ab71bb0 Unloading class 0x000001fe43351400 'java/lang/invoke/LambdaForm$MH+0x000001fe43351400'
Event: 6.492 Thread 0x000001fe2ab71bb0 Unloading class 0x000001fe43350c00 'java/lang/invoke/LambdaForm$MH+0x000001fe43350c00'
Event: 6.492 Thread 0x000001fe2ab71bb0 Unloading class 0x000001fe43350800 'java/lang/invoke/LambdaForm$DMH+0x000001fe43350800'
Event: 6.492 Thread 0x000001fe2ab71bb0 Unloading class 0x000001fe43350000 'java/lang/invoke/LambdaForm$MH+0x000001fe43350000'
Event: 6.492 Thread 0x000001fe2ab71bb0 Unloading class 0x000001fe4334a400 'java/lang/invoke/LambdaForm$MH+0x000001fe4334a400'
Event: 6.492 Thread 0x000001fe2ab71bb0 Unloading class 0x000001fe43349800 'java/lang/invoke/LambdaForm$MH+0x000001fe43349800'
Event: 6.492 Thread 0x000001fe2ab71bb0 Unloading class 0x000001fe43349000 'java/lang/invoke/LambdaForm$MH+0x000001fe43349000'
Event: 6.492 Thread 0x000001fe2ab71bb0 Unloading class 0x000001fe43348800 'java/lang/invoke/LambdaForm$MH+0x000001fe43348800'
Event: 6.492 Thread 0x000001fe2ab71bb0 Unloading class 0x000001fe43348000 'java/lang/invoke/LambdaForm$MH+0x000001fe43348000'
Event: 6.492 Thread 0x000001fe2ab71bb0 Unloading class 0x000001fe43346c00 'java/lang/invoke/LambdaForm$MH+0x000001fe43346c00'
Event: 6.492 Thread 0x000001fe2ab71bb0 Unloading class 0x000001fe43346400 'java/lang/invoke/LambdaForm$MH+0x000001fe43346400'
Event: 6.492 Thread 0x000001fe2ab71bb0 Unloading class 0x000001fe43344000 'java/lang/invoke/LambdaForm$DMH+0x000001fe43344000'

Classes redefined (0 events):
No events

Internal exceptions (20 events):
Event: 47.542 Thread 0x000001fe8ced1d90 Exception <a 'sun/nio/fs/WindowsException'{0x00000000d5ae3640}> (0x00000000d5ae3640) 
thrown [s\src\hotspot\share\prims\jni.cpp, line 520]
Event: 47.542 Thread 0x000001fe8ced1d90 Exception <a 'sun/nio/fs/WindowsException'{0x00000000d5afbde0}> (0x00000000d5afbde0) 
thrown [s\src\hotspot\share\prims\jni.cpp, line 520]
Event: 47.543 Thread 0x000001fe8ced1d90 Exception <a 'sun/nio/fs/WindowsException'{0x00000000d5b03f78}> (0x00000000d5b03f78) 
thrown [s\src\hotspot\share\prims\jni.cpp, line 520]
Event: 47.543 Thread 0x000001fe8ced1d90 Exception <a 'sun/nio/fs/WindowsException'{0x00000000d5b128d0}> (0x00000000d5b128d0) 
thrown [s\src\hotspot\share\prims\jni.cpp, line 520]
Event: 47.544 Thread 0x000001fe8ced1d90 Exception <a 'sun/nio/fs/WindowsException'{0x00000000d5b17760}> (0x00000000d5b17760) 
thrown [s\src\hotspot\share\prims\jni.cpp, line 520]
Event: 47.546 Thread 0x000001fe8ced1d90 Exception <a 'sun/nio/fs/WindowsException'{0x00000000d5b65f00}> (0x00000000d5b65f00) 
thrown [s\src\hotspot\share\prims\jni.cpp, line 520]
Event: 47.547 Thread 0x000001fe8ced1d90 Exception <a 'sun/nio/fs/WindowsException'{0x00000000d5b79b18}> (0x00000000d5b79b18) 
thrown [s\src\hotspot\share\prims\jni.cpp, line 520]
Event: 47.547 Thread 0x000001fe8ced1d90 Exception <a 'sun/nio/fs/WindowsException'{0x00000000d5b7e6d0}> (0x00000000d5b7e6d0) 
thrown [s\src\hotspot\share\prims\jni.cpp, line 520]
Event: 47.548 Thread 0x000001fe8ced1d90 Exception <a 'sun/nio/fs/WindowsException'{0x00000000d5b833d8}> (0x00000000d5b833d8) 
thrown [s\src\hotspot\share\prims\jni.cpp, line 520]
Event: 47.551 Thread 0x000001fe8ced1d90 Exception <a 'sun/nio/fs/WindowsException'{0x00000000d5b884e0}> (0x00000000d5b884e0) 
thrown [s\src\hotspot\share\prims\jni.cpp, line 520]
Event: 47.552 Thread 0x000001fe8ced1d90 Exception <a 'sun/nio/fs/WindowsException'{0x00000000d5b90c28}> (0x00000000d5b90c28) 
thrown [s\src\hotspot\share\prims\jni.cpp, line 520]
Event: 47.552 Thread 0x000001fe8ced1d90 Exception <a 'sun/nio/fs/WindowsException'{0x00000000d5b95eb0}> (0x00000000d5b95eb0) 
thrown [s\src\hotspot\share\prims\jni.cpp, line 520]
Event: 47.554 Thread 0x000001fe8ced1d90 Exception <a 'sun/nio/fs/WindowsException'{0x00000000d5b9b5e0}> (0x00000000d5b9b5e0) 
thrown [s\src\hotspot\share\prims\jni.cpp, line 520]
Event: 47.614 Thread 0x000001fe8eced220 Exception <a 'java/io/IOException'{0x00000000d55ad070}: CreateProcess error=1455, The paging file is too small for this operation to complete> (0x00000000d55ad070) 
thrown [s\src\hotspot\share\prims\jni.cpp, line 539]
Event: 47.748 Thread 0x000001fe8e937dc0 Exception <a 'sun/nio/fs/WindowsException'{0x00000000d5d23260}> (0x00000000d5d23260) 
thrown [s\src\hotspot\share\prims\jni.cpp, line 520]
Event: 47.749 Thread 0x000001fe8e937dc0 Exception <a 'sun/nio/fs/WindowsException'{0x00000000d5d29618}> (0x00000000d5d29618) 
thrown [s\src\hotspot\share\prims\jni.cpp, line 520]
Event: 47.749 Thread 0x000001fe8e937dc0 Exception <a 'sun/nio/fs/WindowsException'{0x00000000d5d311b8}> (0x00000000d5d311b8) 
thrown [s\src\hotspot\share\prims\jni.cpp, line 520]
Event: 47.750 Thread 0x000001fe8e937dc0 Exception <a 'sun/nio/fs/WindowsException'{0x00000000d5d316a8}> (0x00000000d5d316a8) 
thrown [s\src\hotspot\share\prims\jni.cpp, line 520]
Event: 47.753 Thread 0x000001fe8e937dc0 Exception <a 'sun/nio/fs/WindowsException'{0x00000000d5d43b58}> (0x00000000d5d43b58) 
thrown [s\src\hotspot\share\prims\jni.cpp, line 520]
Event: 47.753 Thread 0x000001fe8e937dc0 Exception <a 'sun/nio/fs/WindowsException'{0x00000000d5d44048}> (0x00000000d5d44048) 
thrown [s\src\hotspot\share\prims\jni.cpp, line 520]

ZGC Phase Switch (0 events):
No events

VM Operations (20 events):
Event: 44.961 Executing safepoint VM operation: ParallelGCFailedAllocation (Allocation Failure)
Event: 44.964 Executing safepoint VM operation: ParallelGCFailedAllocation (Allocation Failure) done
Event: 45.148 Executing safepoint VM operation: ParallelGCFailedAllocation (Allocation Failure)
Event: 45.156 Executing safepoint VM operation: ParallelGCFailedAllocation (Allocation Failure) done
Event: 45.339 Executing safepoint VM operation: ParallelGCFailedAllocation (Allocation Failure)
Event: 45.511 Executing safepoint VM operation: ParallelGCFailedAllocation (Allocation Failure) done
Event: 45.660 Executing safepoint VM operation: ParallelGCFailedAllocation (Allocation Failure)
Event: 45.735 Executing safepoint VM operation: ParallelGCFailedAllocation (Allocation Failure) done
Event: 46.014 Executing safepoint VM operation: ParallelGCFailedAllocation (Allocation Failure)
Event: 46.200 Executing safepoint VM operation: ParallelGCFailedAllocation (Allocation Failure) done
Event: 46.261 Executing safepoint VM operation: ParallelGCFailedAllocation (Allocation Failure)
Event: 46.354 Executing safepoint VM operation: ParallelGCFailedAllocation (Allocation Failure) done
Event: 46.421 Executing safepoint VM operation: ParallelGCFailedAllocation (Allocation Failure)
Event: 46.516 Executing safepoint VM operation: ParallelGCFailedAllocation (Allocation Failure) done
Event: 47.073 Executing safepoint VM operation: ParallelGCFailedAllocation (Allocation Failure)
Event: 47.075 Executing safepoint VM operation: ParallelGCFailedAllocation (Allocation Failure) done
Event: 47.382 Executing safepoint VM operation: ParallelGCFailedAllocation (Allocation Failure)
Event: 47.505 Executing safepoint VM operation: ParallelGCFailedAllocation (Allocation Failure) done
Event: 47.756 Executing safepoint VM operation: ParallelGCFailedAllocation (Allocation Failure)
Event: 47.905 Executing safepoint VM operation: ParallelGCFailedAllocation (Allocation Failure) done

Memory protections (0 events):
No events

Nmethod flushes (20 events):
Event: 22.432 Thread 0x000001fe2ab71bb0 flushing  nmethod 0x000001fe2e5da790
Event: 22.432 Thread 0x000001fe2ab71bb0 flushing  nmethod 0x000001fe2e5dab10
Event: 22.432 Thread 0x000001fe2ab71bb0 flushing  nmethod 0x000001fe2e5df010
Event: 22.432 Thread 0x000001fe2ab71bb0 flushing  nmethod 0x000001fe2e5e8a90
Event: 22.432 Thread 0x000001fe2ab71bb0 flushing  nmethod 0x000001fe2e5f1110
Event: 22.432 Thread 0x000001fe2ab71bb0 flushing  nmethod 0x000001fe2e5fa890
Event: 22.432 Thread 0x000001fe2ab71bb0 flushing  nmethod 0x000001fe2e612f90
Event: 22.432 Thread 0x000001fe2ab71bb0 flushing  nmethod 0x000001fe2e613590
Event: 22.432 Thread 0x000001fe2ab71bb0 flushing  nmethod 0x000001fe2e656510
Event: 22.432 Thread 0x000001fe2ab71bb0 flushing  nmethod 0x000001fe2e665610
Event: 22.432 Thread 0x000001fe2ab71bb0 flushing osr nmethod 0x000001fe2e686f90
Event: 22.432 Thread 0x000001fe2ab71bb0 flushing  nmethod 0x000001fe2e6a9710
Event: 22.432 Thread 0x000001fe2ab71bb0 flushing  nmethod 0x000001fe2e6ab210
Event: 22.432 Thread 0x000001fe2ab71bb0 flushing  nmethod 0x000001fe2e6acb10
Event: 22.432 Thread 0x000001fe2ab71bb0 flushing  nmethod 0x000001fe2e6aef90
Event: 22.432 Thread 0x000001fe2ab71bb0 flushing  nmethod 0x000001fe2e6b1710
Event: 22.432 Thread 0x000001fe2ab71bb0 flushing  nmethod 0x000001fe2e6b2a90
Event: 22.432 Thread 0x000001fe2ab71bb0 flushing  nmethod 0x000001fe2e6b3490
Event: 22.432 Thread 0x000001fe2ab71bb0 flushing  nmethod 0x000001fe2e6b3810
Event: 22.432 Thread 0x000001fe2ab71bb0 flushing  nmethod 0x000001fe2e6baf10

Events (20 events):
Event: 47.127 Thread 0x000001fe8eced8b0 Thread exited: 0x000001fe8eced8b0
Event: 47.159 Thread 0x000001fe8ccbc700 Thread added: 0x000001fe8ecec500
Event: 47.161 Thread 0x000001fe8ccbc700 Thread added: 0x000001fe8ecef2f0
Event: 47.162 Thread 0x000001fe8ecec500 Thread exited: 0x000001fe8ecec500
Event: 47.303 Thread 0x000001fe8c88b0d0 Thread added: 0x000001fe8eced220
Event: 47.372 Thread 0x000001fe8eceb7e0 Thread added: 0x000001fe8ecebe70
Event: 47.373 Thread 0x000001fe8eceb7e0 Thread added: 0x000001fe8ececb90
Event: 47.381 Thread 0x000001fe8eceec60 Thread added: 0x000001fe8eced8b0
Event: 47.506 Thread 0x000001fe8ecebe70 Thread exited: 0x000001fe8ecebe70
Event: 47.507 Thread 0x000001fe8eceec60 Thread added: 0x000001fe8ecebe70
Event: 47.507 Thread 0x000001fe8eced8b0 Thread exited: 0x000001fe8eced8b0
Event: 47.555 Thread 0x000001fe8ccbf4f0 Thread exited: 0x000001fe8ccbf4f0
Event: 47.716 Thread 0x000001fe8ced1d90 Thread added: 0x000001fe8eced8b0
Event: 47.716 Thread 0x000001fe8ced1d90 Thread exited: 0x000001fe8ced1d90
Event: 47.717 Thread 0x000001fe8eced8b0 Thread exited: 0x000001fe8eced8b0
Event: 47.725 Thread 0x000001fe8c8954e0 Thread added: 0x000001fe8ecee5d0
Event: 47.727 Thread 0x000001fe8ecee5d0 Thread added: 0x000001fe8eced8b0
Event: 47.916 Thread 0x000001fe8d816710 Thread exited: 0x000001fe8d816710
Event: 47.918 Thread 0x000001fe8eced8b0 Thread added: 0x000001fe8ecef980
Event: 47.921 Thread 0x000001fe8d8504d0 Thread exited: 0x000001fe8d8504d0


Dynamic libraries:
0x00007ff64ef70000 - 0x00007ff64ef7e000 	c:\Users\MSI Thin 15\.vscode\extensions\redhat.java-1.56.0-win32-x64\jre\21.0.12.1-win32-x86_64\bin\java.exe
0x00007fff150c0000 - 0x00007fff15327000 	C:\Windows\SYSTEM32\ntdll.dll
0x00007fff12fd0000 - 0x00007fff1309b000 	C:\Windows\System32\KERNEL32.DLL
0x00007fff124b0000 - 0x00007fff128b2000 	C:\Windows\System32\KERNELBASE.dll
0x00007fff128c0000 - 0x00007fff12a0c000 	C:\Windows\System32\ucrtbase.dll
0x00007ffeda330000 - 0x00007ffeda348000 	c:\Users\MSI Thin 15\.vscode\extensions\redhat.java-1.56.0-win32-x64\jre\21.0.12.1-win32-x86_64\bin\jli.dll
0x00007ffeda270000 - 0x00007ffeda28e000 	c:\Users\MSI Thin 15\.vscode\extensions\redhat.java-1.56.0-win32-x64\jre\21.0.12.1-win32-x86_64\bin\VCRUNTIME140.dll
0x00007fff12df0000 - 0x00007fff12fbf000 	C:\Windows\System32\USER32.dll
0x00007ffef2e30000 - 0x00007ffef30c0000 	C:\Windows\WinSxS\amd64_microsoft.windows.common-controls_6595b64144ccf1df_6.0.26100.9278_none_3e0d1ba8e3303201\COMCTL32.dll
0x00007fff122c0000 - 0x00007fff122e7000 	C:\Windows\System32\win32u.dll
0x00007fff14410000 - 0x00007fff1443b000 	C:\Windows\System32\GDI32.dll
0x00007fff14470000 - 0x00007fff14519000 	C:\Windows\System32\msvcrt.dll
0x00007fff12380000 - 0x00007fff124a9000 	C:\Windows\System32\gdi32full.dll
0x00007fff12c70000 - 0x00007fff12d13000 	C:\Windows\System32\msvcp_win.dll
0x00007fff14e20000 - 0x00007fff14e51000 	C:\Windows\System32\IMM32.DLL
0x00007fff09fb0000 - 0x00007fff09fbc000 	c:\Users\MSI Thin 15\.vscode\extensions\redhat.java-1.56.0-win32-x64\jre\21.0.12.1-win32-x86_64\bin\vcruntime140_1.dll
0x00007ffec1c60000 - 0x00007ffec1ced000 	c:\Users\MSI Thin 15\.vscode\extensions\redhat.java-1.56.0-win32-x64\jre\21.0.12.1-win32-x86_64\bin\msvcp140.dll
0x00007ffe351f0000 - 0x00007ffe35f92000 	c:\Users\MSI Thin 15\.vscode\extensions\redhat.java-1.56.0-win32-x64\jre\21.0.12.1-win32-x86_64\bin\server\jvm.dll
0x00007fff130a0000 - 0x00007fff1315c000 	C:\Windows\System32\ADVAPI32.dll
0x00007fff14e60000 - 0x00007fff14f09000 	C:\Windows\System32\sechost.dll
0x00007fff131c0000 - 0x00007fff132d8000 	C:\Windows\System32\RPCRT4.dll
0x00007fff14bb0000 - 0x00007fff14c30000 	C:\Windows\System32\WS2_32.dll
0x00007fff119f0000 - 0x00007fff11a4e000 	C:\Windows\SYSTEM32\POWRPROF.dll
0x00007fff07180000 - 0x00007fff071b6000 	C:\Windows\SYSTEM32\WINMM.dll
0x00007fff07d90000 - 0x00007fff07d9b000 	C:\Windows\SYSTEM32\VERSION.dll
0x00007fff119d0000 - 0x00007fff119e5000 	C:\Windows\SYSTEM32\UMPDC.dll
0x00007fff10f90000 - 0x00007fff10fab000 	C:\Windows\SYSTEM32\kernel.appcore.dll
0x00007fff08a00000 - 0x00007fff08a0a000 	c:\Users\MSI Thin 15\.vscode\extensions\redhat.java-1.56.0-win32-x64\jre\21.0.12.1-win32-x86_64\bin\jimage.dll
0x00007fff0f000000 - 0x00007fff0f24c000 	C:\Windows\SYSTEM32\DBGHELP.DLL
0x00007fff14820000 - 0x00007fff14ba5000 	C:\Windows\System32\combase.dll
0x00007fff14520000 - 0x00007fff145f9000 	C:\Windows\System32\OLEAUT32.dll
0x00007ffee4f80000 - 0x00007ffee4fbb000 	C:\Windows\SYSTEM32\dbgcore.DLL
0x00007fff12d20000 - 0x00007fff12dcc000 	C:\Windows\System32\bcryptPrimitives.dll
0x00007fff08790000 - 0x00007fff0879f000 	c:\Users\MSI Thin 15\.vscode\extensions\redhat.java-1.56.0-win32-x64\jre\21.0.12.1-win32-x86_64\bin\instrument.dll
0x00007ffeda180000 - 0x00007ffeda1a0000 	c:\Users\MSI Thin 15\.vscode\extensions\redhat.java-1.56.0-win32-x64\jre\21.0.12.1-win32-x86_64\bin\java.dll
0x00007fff132e0000 - 0x00007fff13a78000 	C:\Windows\System32\SHELL32.dll
0x00007fff0fcf0000 - 0x00007fff1059e000 	C:\Windows\SYSTEM32\windows.storage.dll
0x00007fff14f80000 - 0x00007fff1507b000 	C:\Windows\System32\SHCORE.dll
0x00007fff14f10000 - 0x00007fff14f76000 	C:\Windows\System32\shlwapi.dll
0x00007fff121e0000 - 0x00007fff12209000 	C:\Windows\SYSTEM32\profapi.dll
0x00007ffeda160000 - 0x00007ffeda178000 	c:\Users\MSI Thin 15\.vscode\extensions\redhat.java-1.56.0-win32-x64\jre\21.0.12.1-win32-x86_64\bin\zip.dll
0x00007fff07e80000 - 0x00007fff07e90000 	C:\Users\MSI Thin 15\.vscode\extensions\redhat.java-1.56.0-win32-x64\jre\21.0.12.1-win32-x86_64\bin\net.dll
0x00007fff09260000 - 0x00007fff0938a000 	C:\Windows\SYSTEM32\WINHTTP.dll
0x00007fff11550000 - 0x00007fff115bc000 	C:\Windows\system32\mswsock.dll
0x00007ffeda120000 - 0x00007ffeda136000 	C:\Users\MSI Thin 15\.vscode\extensions\redhat.java-1.56.0-win32-x64\jre\21.0.12.1-win32-x86_64\bin\nio.dll
0x00007fff072c0000 - 0x00007fff072d0000 	c:\Users\MSI Thin 15\.vscode\extensions\redhat.java-1.56.0-win32-x64\jre\21.0.12.1-win32-x86_64\bin\verify.dll
0x00007ffecac10000 - 0x00007ffecac55000 	C:\Users\MSI Thin 15\AppData\Roaming\Code\User\globalStorage\redhat.java\1.56.0\config_win\org.eclipse.equinox.launcher\org.eclipse.equinox.launcher.win32.win32.x86_64_1.3.100.v20260804-1928\eclipse_11924.dll
0x00007fff13a90000 - 0x00007fff13c2a000 	C:\Windows\System32\ole32.dll
0x00007fff118b0000 - 0x00007fff118cb000 	C:\Windows\SYSTEM32\CRYPTSP.dll
0x00007fff10ef0000 - 0x00007fff10f29000 	C:\Windows\system32\rsaenh.dll
0x00007fff11670000 - 0x00007fff116a4000 	C:\Windows\SYSTEM32\USERENV.dll
0x00007fff121b0000 - 0x00007fff121da000 	C:\Windows\SYSTEM32\bcrypt.dll
0x00007fff118d0000 - 0x00007fff118dc000 	C:\Windows\SYSTEM32\CRYPTBASE.dll
0x00007fff10960000 - 0x00007fff10993000 	C:\Windows\SYSTEM32\IPHLPAPI.DLL
0x00007fff12de0000 - 0x00007fff12dea000 	C:\Windows\System32\NSI.dll
0x00007ffebd910000 - 0x00007ffebd959000 	C:\Users\MSI Thin 15\AppData\Local\Temp\jna--1808118768\jna10497903051454565583.dll
0x00007fff13a80000 - 0x00007fff13a88000 	C:\Windows\System32\PSAPI.DLL
0x00007fff09510000 - 0x00007fff0952d000 	C:\Windows\SYSTEM32\dhcpcsvc6.DLL
0x00007fff094a0000 - 0x00007fff094c5000 	C:\Windows\SYSTEM32\dhcpcsvc.DLL
0x00007ffee2aa0000 - 0x00007ffee2ac7000 	C:\Users\MSI Thin 15\.gradle\native\660c5614fbf4a5f2a75b1949f50a0caf5cd603558e7d8a26e50b933a0cfb79d1\windows-amd64\native-platform.dll
0x00007ffef9e50000 - 0x00007ffef9e5a000 	C:\Users\MSI Thin 15\.vscode\extensions\redhat.java-1.56.0-win32-x64\jre\21.0.12.1-win32-x86_64\bin\management.dll
0x00007ffef8ee0000 - 0x00007ffef8eec000 	C:\Users\MSI Thin 15\.vscode\extensions\redhat.java-1.56.0-win32-x64\jre\21.0.12.1-win32-x86_64\bin\management_ext.dll
0x00007ffefec10000 - 0x00007ffefec19000 	C:\Users\MSI Thin 15\.vscode\extensions\redhat.java-1.56.0-win32-x64\jre\21.0.12.1-win32-x86_64\bin\extnet.dll

JVMTI agents:
c:\Users\MSI Thin 15\.vscode\extensions\redhat.java-1.56.0-win32-x64\lombok\lombok-1.18.39-4050.jar path:c:\Users\MSI Thin 15\.vscode\extensions\redhat.java-1.56.0-win32-x64\jre\21.0.12.1-win32-x86_64\bin\instrument.dll, loaded, initialized, instrumentlib options:none

dbghelp: loaded successfully - version: 4.0.5 - missing functions: none
symbol engine: initialized successfully - sym options: 0x614 - pdb path: .;c:\Users\MSI Thin 15\.vscode\extensions\redhat.java-1.56.0-win32-x64\jre\21.0.12.1-win32-x86_64\bin;C:\Windows\SYSTEM32;C:\Windows\WinSxS\amd64_microsoft.windows.common-controls_6595b64144ccf1df_6.0.26100.9278_none_3e0d1ba8e3303201;c:\Users\MSI Thin 15\.vscode\extensions\redhat.java-1.56.0-win32-x64\jre\21.0.12.1-win32-x86_64\bin\server;C:\Users\MSI Thin 15\AppData\Roaming\Code\User\globalStorage\redhat.java\1.56.0\config_win\org.eclipse.equinox.launcher\org.eclipse.equinox.launcher.win32.win32.x86_64_1.3.100.v20260804-1928;C:\Users\MSI Thin 15\AppData\Local\Temp\jna--1808118768;C:\Users\MSI Thin 15\.gradle\native\660c5614fbf4a5f2a75b1949f50a0caf5cd603558e7d8a26e50b933a0cfb79d1\windows-amd64

VM Arguments:
jvm_args: --add-modules=ALL-SYSTEM --add-opens=java.base/java.util=ALL-UNNAMED --add-opens=java.base/java.lang=ALL-UNNAMED --add-opens=java.base/sun.nio.fs=ALL-UNNAMED -Declipse.application=org.eclipse.jdt.ls.core.id1 -Dosgi.bundles.defaultStartLevel=4 -Declipse.product=org.eclipse.jdt.ls.core.product -Djava.import.generatesMetadataFilesAtProjectRoot=false -Dm2e.project.cache.size=50 -DDetectVMInstallationsJob.disabled=true -Dfile.encoding=utf8 -XX:+UseParallelGC -XX:GCTimeRatio=4 -XX:AdaptiveSizePolicyWeight=90 -Dsun.zip.disableMemoryMapping=true -Xmx2G -Xms100m -Xlog:disable -javaagent:c:\Users\MSI Thin 15\.vscode\extensions\redhat.java-1.56.0-win32-x64\lombok\lombok-1.18.39-4050.jar -XX:+HeapDumpOnOutOfMemoryError -XX:HeapDumpPath=c:\Users\MSI Thin 15\AppData\Roaming\Code\User\workspaceStorage\0fab5ef8e1e012fcc2d8563af5403651\redhat.java -Daether.dependencyCollector.impl=bf 
java_command: c:\Users\MSI Thin 15\.vscode\extensions\redhat.java-1.56.0-win32-x64\server\plugins\org.eclipse.equinox.launcher_1.8.0.v20260804-1928.jar -configuration c:\Users\MSI Thin 15\AppData\Roaming\Code\User\globalStorage\redhat.java\1.56.0\config_win -data c:\Users\MSI Thin 15\AppData\Roaming\Code\User\workspaceStorage\0fab5ef8e1e012fcc2d8563af5403651\redhat.java\jdt_ws --stdio
java_class_path (initial): c:\Users\MSI Thin 15\.vscode\extensions\redhat.java-1.56.0-win32-x64\server\plugins\org.eclipse.equinox.launcher_1.8.0.v20260804-1928.jar
Launcher Type: SUN_STANDARD

[Global flags]
    uintx AdaptiveSizePolicyWeight                 = 90                                        {product} {command line}
     intx CICompilerCount                          = 12                                        {product} {ergonomic}
    uintx GCTimeRatio                              = 4                                         {product} {command line}
     bool HeapDumpOnOutOfMemoryError               = true                                   {manageable} {command line}
    ccstr HeapDumpPath                             = c:\Users\MSI Thin 15\AppData\Roaming\Code\User\workspaceStorage\0fab5ef8e1e012fcc2d8563af5403651\redhat.java         {manageable} {command line}
   size_t InitialHeapSize                          = 104857600                                 {product} {command line}
   size_t MaxHeapSize                              = 2147483648                                {product} {command line}
   size_t MaxNewSize                               = 715653120                                 {product} {ergonomic}
   size_t MinHeapDeltaBytes                        = 524288                                    {product} {ergonomic}
   size_t MinHeapSize                              = 104857600                                 {product} {command line}
   size_t NewSize                                  = 34603008                                  {product} {ergonomic}
    uintx NonNMethodCodeHeapSize                   = 7602480                                {pd product} {ergonomic}
    uintx NonProfiledCodeHeapSize                  = 122027880                              {pd product} {ergonomic}
   size_t OldSize                                  = 70254592                                  {product} {ergonomic}
    uintx ProfiledCodeHeapSize                     = 122027880                              {pd product} {ergonomic}
    uintx ReservedCodeCacheSize                    = 251658240                              {pd product} {ergonomic}
     bool SegmentedCodeCache                       = true                                      {product} {ergonomic}
   size_t SoftMaxHeapSize                          = 2147483648                             {manageable} {ergonomic}
     bool UseCompressedOops                        = true                           {product lp64_product} {ergonomic}
     bool UseLargePagesIndividualAllocation        = false                                  {pd product} {ergonomic}
     bool UseParallelGC                            = true                                      {product} {command line}

Logging:
Log output configuration:
 #0: stdout all=off uptime,level,tags foldmultilines=false
 #1: stderr all=off uptime,level,tags foldmultilines=false

Release file:
JAVA_VERSION="21.0.12.1" 
MODULES="java.base java.compiler java.datatransfer java.xml java.prefs java.desktop java.instrument java.logging java.management java.security.sasl java.naming java.rmi java.management.rmi java.net.http java.scripting java.security.jgss java.transaction.xa java.sql java.sql.rowset java.xml.crypto java.se java.smartcardio jdk.accessibility jdk.internal.jvmstat jdk.attach jdk.charsets jdk.internal.opt jdk.zipfs jdk.compiler jdk.crypto.ec jdk.crypto.cryptoki jdk.crypto.mscapi jdk.dynalink jdk.internal.ed jdk.editpad jdk.hotspot.agent jdk.httpserver jdk.internal.le jdk.internal.vm.ci jdk.internal.vm.compiler jdk.internal.vm.compiler.management jdk.jartool jdk.javadoc jdk.jcmd jdk.management jdk.management.agent jdk.jconsole jdk.jdeps jdk.jdwp.agent jdk.jdi jdk.jfr jdk.jshell jdk.jsobject jdk.jstatd jdk.localedata jdk.management.jfr jdk.naming.dns jdk.naming.rmi jdk.net jdk.nio.mapmode jdk.random jdk.sctp jdk.security.auth jdk.security.jgss jdk.unsupported jdk.unsupported.desktop jdk.xml.dom" 

Environment Variables:
PATH=C:\Program Files\openjdk-21.0.2_windows-x64_bin\jdk-21.0.2\bin;C:\Program Files\Common Files\Oracle\Java\javapath;C:\Program Files (x86)\Common Files\Oracle\Java\javapath;C:\Windows\system32;C:\Windows;C:\Windows\System32\Wbem;C:\Windows\System32\WindowsPowerShell\v1.0\;C:\Windows\System32\OpenSSH\;C:\Program Files (x86)\NVIDIA Corporation\PhysX\Common;C:\Program Files\NVIDIA Corporation\NVIDIA NvDLISR;C:\Program Files\Git\cmd;C:\Program Files (x86)\cloudflared\;C:\xampp\php;C:\ProgramData\ComposerSetup\bin;C:\Ruby34-x64\bin;D:\MATA KULIAH\Semester 3\VIsual Programming\Android SDK\platform-tools;D:\dev\flutter\bin;C:\Users\MSI Thin 15\AppData\Local\Programs\Microsoft VS Code\bin;C:\Users\MSI Thin 15\AppData\Roaming\Composer\vendor\bin;C:\Users\MSI Thin 15\AppData\Local\Python\bin
USERNAME=Strime
OS=Windows_NT
PROCESSOR_IDENTIFIER=Intel64 Family 6 Model 154 Stepping 3, GenuineIntel
TMP=C:\Users\MSITHI~1\AppData\Local\Temp
TEMP=C:\Users\MSITHI~1\AppData\Local\Temp




Periodic native trim disabled

---------------  S Y S T E M  ---------------

OS:
 Windows 11 , 64 bit Build 26100 (10.0.26100.9444)
OS uptime: 0 days 8:39 hours
Hyper-V role detected

CPU: total 16 (initial active 16) (8 cores per cpu, 2 threads per core) family 6 model 154 stepping 3 microcode 0x424, cx8, cmov, fxsr, ht, mmx, 3dnowpref, sse, sse2, sse3, ssse3, sse4.1, sse4.2, popcnt, lzcnt, tsc, tscinvbit, avx, avx2, aes, erms, clmul, bmi1, bmi2, adx, sha, fma, vzeroupper, clflush, clflushopt, clwb, hv, serialize, rdtscp, rdpid, fsrm, f16c, cet_ibt, cet_ss
Processor Information for processor 0
  Max Mhz: 2300, Current Mhz: 2300, Mhz Limit: 2300
Processor Information for processor 1
  Max Mhz: 2300, Current Mhz: 2300, Mhz Limit: 2300
Processor Information for processor 2
  Max Mhz: 2300, Current Mhz: 2300, Mhz Limit: 2300
Processor Information for processor 3
  Max Mhz: 2300, Current Mhz: 2300, Mhz Limit: 2300
Processor Information for processor 4
  Max Mhz: 2300, Current Mhz: 2300, Mhz Limit: 2300
Processor Information for processor 5
  Max Mhz: 2300, Current Mhz: 2300, Mhz Limit: 2300
Processor Information for processor 6
  Max Mhz: 2300, Current Mhz: 2300, Mhz Limit: 2300
Processor Information for processor 7
  Max Mhz: 2300, Current Mhz: 2300, Mhz Limit: 2300
Processor Information for processor 8
  Max Mhz: 2300, Current Mhz: 2300, Mhz Limit: 2300
Processor Information for processor 9
  Max Mhz: 2300, Current Mhz: 2300, Mhz Limit: 2300
Processor Information for processor 10
  Max Mhz: 2300, Current Mhz: 2300, Mhz Limit: 2300
Processor Information for processor 11
  Max Mhz: 2300, Current Mhz: 2300, Mhz Limit: 2300
Processor Information for processor 12
  Max Mhz: 2300, Current Mhz: 2300, Mhz Limit: 2300
Processor Information for processor 13
  Max Mhz: 2300, Current Mhz: 1488, Mhz Limit: 2300
Processor Information for processor 14
  Max Mhz: 2300, Current Mhz: 2300, Mhz Limit: 2300
Processor Information for processor 15
  Max Mhz: 2300, Current Mhz: 2300, Mhz Limit: 2300

Memory: 4k page, system-wide physical 7895M (377M free)
TotalPageFile size 32471M (AvailPageFile size 480M)
current process WorkingSet (physical memory assigned to process): 131M, peak: 322M
current process commit charge ("private bytes"): 447M, peak: 454M

vm_info: OpenJDK 64-Bit Server VM (21.0.12.1+1-LTS) for windows-amd64 JRE (21.0.12.1+1-LTS), built on 2026-08-18T00:00:00Z by "admin" with MS VC++ 17.12 (VS2022)

END.
